language,form_id,name
1,201,あるすがた
1,351,ポワルンのすがた
1,382,カイオーガのすがた
1,383,グラードンのすがた
1,386,ノーマルフォルム
1,412,くさきのミノ
1,413,くさきのミノ
1,421,ネガフォルム
1,422,にしのうみ
1,423,にしのうみ
1,479,ロトムのすがた
1,487,アナザーフォルム
1,492,ランドフォルム
1,493,アルセウスのすがた
1,550,あかすじのすがた
1,555,ノーマルモード
1,585,はるのすがた
1,586,はるのすがた
1,641,けしんフォルム
1,642,けしんフォルム
1,645,けしんフォルム
1,646,キュレムのすがた
1,647,いつものすがた
1,648,ボイスフォルム
1,649,ゲノセクトのすがた
1,666,ひょうせつのもよう
1,669,あかいはな
1,670,あかいはな
1,671,あかいはな
1,676,やせいのすがた
1,678,オスのすがた
1,681,シールドフォルム
1,710,ふつうのサイズ
1,711,ふつうのサイズ
1,716,リラックスモード
1,718,５０％フォルム
1,720,いましめられしフーパ
1,741,めらめらスタイル
1,745,まひるのすがた
1,746,たんどくのすがた
1,773,タイプ：ノーマル
1,774,りゅうせいのすがた
1,778,ばけたすがた
1,849,ハイなすがた
1,869,ミルキィバニラ
1,875,アイスフェイス
1,876,オスのすがた
1,877,まんぷくもよう
1,888,れきせんのゆうしゃ
1,889,れきせんのゆうしゃ
1,10001,たいようのすがた
1,10002,あまみずのすがた
1,10003,ゆきぐものすがた
1,10004,アタックフォルム
1,10005,ディフェンスフォルム
1,10006,スピードフォルム
1,10007,すなちのミノ
1,10008,ゴミのミノ
1,10009,アルセウスのすがた
1,10010,アルセウスのすがた
1,10011,アルセウスのすがた
1,10012,アルセウスのすがた
1,10013,アルセウスのすがた
1,10014,アルセウスのすがた
1,10015,アルセウスのすがた
1,10016,アルセウスのすがた
1,10017,アルセウスのすがた
1,10018,アルセウスのすがた
1,10019,アルセウスのすがた
1,10020,アルセウスのすがた
1,10021,アルセウスのすがた
1,10022,アルセウスのすがた
1,10023,アルセウスのすがた
1,10024,アルセウスのすがた
1,10026,ヒートロトム
1,10027,ウォッシュロトム
1,10028,フロストロトム
1,10029,スピンロトム
1,10030,カットロトム
1,10031,オリジンフォルム
1,10032,スカイフォルム
1,10034,あおすじのすがた
1,10035,ダルマモード
1,10036,ステップフォルム
1,10037,れいじゅうフォルム
1,10038,れいじゅうフォルム
1,10039,れいじゅうフォルム
1,10040,ホワイトキュレム
1,10041,ブラックキュレム
1,10042,メガフシギバナ
1,10043,メガリザードンＸ
1,10044,メガリザードンＹ
1,10045,メガカメックス
1,10046,メガフーディン
1,10047,メガゲンガー
1,10048,メガガルーラ
1,10049,メガカイロス
1,10050,メガギャラドス
1,10051,メガプテラ
1,10052,メガミュウツーＸ
1,10053,メガミュウツーＹ
1,10054,メガデンリュウ
1,10055,メガハッサム
1,10056,メガヘラクロス
1,10057,メガヘルガー
1,10058,メガバンギラス
1,10059,メガバシャーモ
1,10060,メガサーナイト
1,10061,メガクチート
1,10062,メガボスゴドラ
1,10063,メガチャーレム
1,10064,メガライボルト
1,10065,メガジュペッタ
1,10066,メガアブソル
1,10067,メガラティアス
1,10068,メガラティオス
1,10069,メガガブリアス
1,10070,メガルカリオ
1,10071,メガユキノオー
1,10072,アルセウスのすがた
1,10073,えいえんのはな
1,10074,メスのすがた
1,10075,ブレードフォルム
1,10076,ちいさいサイズ
1,10077,おおきいサイズ
1,10078,とくだいサイズ
1,10079,ちいさいサイズ
1,10080,おおきいサイズ
1,10081,とくだいサイズ
1,10082,メガスピアー
1,10083,メガピジョット
1,10084,ハードロック・ピカチュウ
1,10085,マダム・ピカチュウ
1,10086,アイドル・ピカチュウ
1,10087,ドクター・ピカチュウ
1,10088,マスク・ド・ピカチュウ
1,10089,おきがえピカチュウ
1,10090,メガヤドラン
1,10091,メガハガネール
1,10092,メガジュカイン
1,10093,メガラグラージ
1,10094,メガヤミラミ
1,10095,メガサメハダー
1,10096,メガバクーダ
1,10097,メガチルタリス
1,10098,メガオニゴーリ
1,10099,メガボーマンダ
1,10100,メガメタグロス
1,10101,ゲンシカイキのすがた
1,10102,ゲンシカイキのすがた
1,10103,メガレックウザ
1,10104,メガミミロップ
1,10105,メガエルレイド
1,10106,メガタブンネ
1,10107,メガディアンシー
1,10108,ときはなたれしフーパ
1,10109,アローラのすがた
1,10110,アローラのすがた
1,10112,オリジナルキャップ
1,10113,アローラのすがた
1,10114,アローラのすがた
1,10115,アローラのすがた
1,10116,アローラのすがた
1,10117,アローラのすがた
1,10118,アローラのすがた
1,10119,アローラのすがた
1,10120,アローラのすがた
1,10121,アローラのすがた
1,10122,アローラのすがた
1,10123,アローラのすがた
1,10124,アローラのすがた
1,10125,アローラのすがた
1,10126,アローラのすがた
1,10127,アローラのすがた
1,10128,アローラのすがた
1,10130,サトシゲッコウガ
1,10131,１０％フォルム
1,10132,１０％フォルム
1,10133,５０％フォルム
1,10134,パーフェクトフォルム
1,10137,ぱちぱちスタイル
1,10138,ふらふらスタイル
1,10139,まいまいスタイル
1,10140,まよなかのすがた
1,10141,むれたすがた
1,10144,タイプ：ファイト
1,10145,タイプ：フライング
1,10146,タイプ：ポイズン
1,10147,タイプ：グラウンド
1,10148,タイプ：ロック
1,10149,タイプ：バグ
1,10150,タイプ：ゴースト
1,10151,タイプ：スチール
1,10152,タイプ：ファイヤー
1,10153,タイプ：ウオーター
1,10154,タイプ：グラス
1,10155,タイプ：エレクトロ
1,10156,タイプ：サイキック
1,10157,タイプ：アイス
1,10158,タイプ：ドラゴン
1,10159,タイプ：ダーク
1,10160,タイプ：フェアリー
1,10161,あかいろのコア
1,10167,たそがれのすがた
1,10170,たそがれのたてがみ
1,10171,あかつきのつばさ
1,10172,ウルトラネクロズマ
1,10175,ガラルのすがた
1,10176,ガラルのすがた
1,10177,ガラルのすがた
1,10178,ガラルのすがた
1,10179,ガラルのすがた
1,10180,ガラルのすがた
1,10181,ガラルのすがた
1,10182,ガラルのすがた
1,10183,ガラルのすがた
1,10184,ガラルのすがた
1,10185,ガラルのすがた
1,10186,ダルマモード
1,10187,ガラルのすがた
1,10188,ガラルのすがた
1,10189,ローなすがた
1,10190,ナイスフェイス
1,10191,メスのすがた
1,10192,けんのおう
1,10193,たてのおう
1,10194,ムゲンダイマックス
1,10195,ガラルのすがた
1,20001,あるすがた
1,20002,あるすがた
1,20003,あるすがた
1,20004,あるすがた
1,20005,あるすがた
1,20006,あるすがた
1,20007,あるすがた
1,20008,あるすがた
1,20009,あるすがた
1,20010,あるすがた
1,20011,あるすがた
1,20012,あるすがた
1,20013,あるすがた
1,20014,あるすがた
1,20015,あるすがた
1,20016,あるすがた
1,20017,あるすがた
1,20018,あるすがた
1,20019,あるすがた
1,20020,あるすがた
1,20021,あるすがた
1,20022,あるすがた
1,20023,あるすがた
1,20024,あるすがた
1,20025,あるすがた
1,20026,あるすがた
1,20027,あるすがた
1,20028,すなちのミノ
1,20029,ゴミのミノ
1,20030,ポジフォルム
1,20031,ひがしのうみ
1,20032,ひがしのうみ
1,20033,なつのすがた
1,20034,あきのすがた
1,20035,ふゆのすがた
1,20036,なつのすがた
1,20037,あきのすがた
1,20038,ふゆのすがた
1,20039,ゲノセクトのすがた
1,20040,ゲノセクトのすがた
1,20041,ゲノセクトのすがた
1,20042,ゲノセクトのすがた
1,20043,かくごのすがた
1,20044,ゆきぐにのもよう
1,20045,せつげんのもよう
1,20046,たいりくのもよう
1,20047,ていえんのもよう
1,20048,みやびなもよう
1,20049,はなぞののもよう
1,20050,モダンなもよう
1,20051,マリンのもよう
1,20052,ぐんとうのもよう
1,20053,こうやのもよう
1,20054,さじんのもよう
1,20055,たいがのもよう
1,20056,スコールのもよう
1,20057,サバンナのもよう
1,20058,たいようのもよう
1,20059,オーシャンのもよう
1,20060,ジャングルのもよう
1,20061,ファンシーなもよう
1,20062,ボールのもよう
1,20063,きいろのはな
1,20064,オレンジいろのはな
1,20065,あおいはな
1,20066,しろいはな
1,20067,きいろのはな
1,20068,オレンジいろのはな
1,20069,あおいはな
1,20070,しろいはな
1,20071,きいろのはな
1,20072,オレンジいろのはな
1,20073,あおいはな
1,20074,しろいはな
1,20075,ハートカット
1,20076,スターカット
1,20077,ダイヤカット
1,20078,レディカット
1,20079,マダムカット
1,20080,ジェントルカット
1,20081,クイーンカット
1,20082,カブキカット
1,20083,キングダムカット
1,20084,アクティブモード
1,20085,ホウエンキャップ
1,20086,シンオウキャップ
1,20087,イッシュキャップ
1,20088,カロスキャップ
1,20089,アローラキャップ
1,20090,りゅうせいのすがた
1,20091,りゅうせいのすがた
1,20092,りゅうせいのすがた
1,20093,りゅうせいのすがた
1,20094,りゅうせいのすがた
1,20095,りゅうせいのすがた
1,20096,だいだいいろのコア
1,20097,きいろのコア
1,20098,みどりいろのコア
1,20099,みずいろのコア
1,20100,あおいろのコア
1,20101,むらさきいろのコア
1,20102,ばれたすがた
1,20104,５００ねんまえのいろ
1,20105,キミにきめたキャップ
1,20106,キョダイマックス
1,20107,キョダイマックス
1,20108,キョダイマックス
1,20109,キョダイマックス
1,20110,キョダイマックス
1,20111,キョダイマックス
1,20112,キョダイマックス
1,20113,キョダイマックス
1,20114,キョダイマックス
1,20115,キョダイマックス
1,20116,キョダイマックス
1,20117,キョダイマックス
1,20118,キョダイマックス
1,20119,キョダイマックス
1,20120,キョダイマックス
1,20121,キョダイマックス
1,20122,キョダイマックス
1,20123,キョダイマックス
1,20124,キョダイマックス
1,20125,うのみのすがた
1,20126,まるのみのすがた
1,20127,キョダイマックス
1,20128,キョダイマックス
1,20131,キョダイマックス
1,20132,キョダイマックス
1,20133,ミルキィバニラ
1,20134,ミルキィバニラ
1,20135,ミルキィバニラ
1,20136,ミルキィバニラ
1,20137,ミルキィバニラ
1,20138,ミルキィバニラ
1,20139,ミルキィルビー
1,20140,ミルキィルビー
1,20141,ミルキィルビー
1,20142,ミルキィルビー
1,20143,ミルキィルビー
1,20144,ミルキィルビー
1,20145,ミルキィルビー
1,20146,ミルキィまっちゃ
1,20147,ミルキィまっちゃ
1,20148,ミルキィまっちゃ
1,20149,ミルキィまっちゃ
1,20150,ミルキィまっちゃ
1,20151,ミルキィまっちゃ
1,20152,ミルキィまっちゃ
1,20153,ミルキィミント
1,20154,ミルキィミント
1,20155,ミルキィミント
1,20156,ミルキィミント
1,20157,ミルキィミント
1,20158,ミルキィミント
1,20159,ミルキィミント
1,20160,ミルキィレモン
1,20161,ミルキィレモン
1,20162,ミルキィレモン
1,20163,ミルキィレモン
1,20164,ミルキィレモン
1,20165,ミルキィレモン
1,20166,ミルキィレモン
1,20167,ミルキィソルト
1,20168,ミルキィソルト
1,20169,ミルキィソルト
1,20170,ミルキィソルト
1,20171,ミルキィソルト
1,20172,ミルキィソルト
1,20173,ミルキィソルト
1,20174,ルビーミックス
1,20175,ルビーミックス
1,20176,ルビーミックス
1,20177,ルビーミックス
1,20178,ルビーミックス
1,20179,ルビーミックス
1,20180,ルビーミックス
1,20181,キャラメルミックス
1,20182,キャラメルミックス
1,20183,キャラメルミックス
1,20184,キャラメルミックス
1,20185,キャラメルミックス
1,20186,キャラメルミックス
1,20187,キャラメルミックス
1,20188,トリプルミックス
1,20189,トリプルミックス
1,20190,トリプルミックス
1,20191,トリプルミックス
1,20192,トリプルミックス
1,20193,トリプルミックス
1,20194,トリプルミックス
1,20195,キョダイマックス
1,20196,はらぺこもよう
1,20197,キョダイマックス
1,20198,キョダイマックス
1,20199,キョダイマックス
2,201,One form
2,351,Normal
2,382,Kyogre
2,383,Groudon
2,386,Normal Forme
2,412,Plant Cloak
2,413,Plant Cloak
2,421,Overcast Form
2,422,West Sea
2,423,West Sea
2,479,Rotom
2,487,Altered Forme
2,492,Land Forme
2,493,Arceus
2,550,Red-Striped Form
2,555,Standard Mode
2,585,Spring Form
2,586,Spring Form
2,641,Incarnate Forme
2,642,Incarnate Forme
2,645,Incarnate Forme
2,646,Kyurem
2,647,Ordinary Form
2,648,Aria Forme
2,649,Genesect
2,666,Icy Snow Pattern
2,669,Red Flower
2,670,Red Flower
2,671,Red Flower
2,676,Natural Form
2,678,Male
2,681,Shield Forme
2,710,Average Size
2,711,Average Size
2,716,Neutral Mode
2,718,50% Forme
2,720,Hoopa Confined
2,741,Baile Style
2,745,Midday Form
2,746,Solo Form
2,773,Type: Normal
2,774,Meteor Form
2,778,Disguised Form
2,849,Amped Form
2,869,Vanilla Cream
2,875,Ice Face
2,876,Male
2,877,Full Belly Mode
2,888,Hero of Many Battles
2,889,Hero of Many Battles
2,10001,Sunny Form
2,10002,Rainy Form
2,10003,Snowy Form
2,10004,Attack Forme
2,10005,Defense Forme
2,10006,Speed Forme
2,10007,Sandy Cloak
2,10008,Trash Cloak
2,10009,Arceus
2,10010,Arceus
2,10011,Arceus
2,10012,Arceus
2,10013,Arceus
2,10014,Arceus
2,10015,Arceus
2,10016,Arceus
2,10017,Arceus
2,10018,Arceus
2,10019,Arceus
2,10020,Arceus
2,10021,Arceus
2,10022,Arceus
2,10023,Arceus
2,10024,Arceus
2,10026,Heat Rotom
2,10027,Wash Rotom
2,10028,Frost Rotom
2,10029,Fan Rotom
2,10030,Mow Rotom
2,10031,Origin Forme
2,10032,Sky Forme
2,10034,Blue-Striped Form
2,10035,Zen Mode
2,10036,Pirouette Forme
2,10037,Therian Forme
2,10038,Therian Forme
2,10039,Therian Forme
2,10040,White Kyurem
2,10041,Black Kyurem
2,10042,Mega Venusaur
2,10043,Mega Charizard X
2,10044,Mega Charizard Y
2,10045,Mega Blastoise
2,10046,Mega Alakazam
2,10047,Mega Gengar
2,10048,Mega Kangaskhan
2,10049,Mega Pinsir
2,10050,Mega Gyarados
2,10051,Mega Aerodactyl
2,10052,Mega Mewtwo X
2,10053,Mega Mewtwo Y
2,10054,Mega Ampharos
2,10055,Mega Scizor
2,10056,Mega Heracross
2,10057,Mega Houndoom
2,10058,Mega Tyranitar
2,10059,Mega Blaziken
2,10060,Mega Gardevoir
2,10061,Mega Mawile
2,10062,Mega Aggron
2,10063,Mega Medicham
2,10064,Mega Manectric
2,10065,Mega Banette
2,10066,Mega Absol
2,10067,Mega Latias
2,10068,Mega Latios
2,10069,Mega Garchomp
2,10070,Mega Lucario
2,10071,Mega Abomasnow
2,10072,Arceus
2,10073,Eternal Flower
2,10074,Female
2,10075,Blade Forme
2,10076,Small Size
2,10077,Large Size
2,10078,Super Size
2,10079,Small Size
2,10080,Large Size
2,10081,Super Size
2,10082,Mega Beedrill
2,10083,Mega Pidgeot
2,10084,Pikachu Rock Star
2,10085,Pikachu Belle
2,10086,Pikachu Pop Star
2,10087,"Pikachu, Ph.D."
2,10088,Pikachu Libre
2,10089,Cosplay Pikachu
2,10090,Mega Slowbro
2,10091,Mega Steelix
2,10092,Mega Sceptile
2,10093,Mega Swampert
2,10094,Mega Sableye
2,10095,Mega Sharpedo
2,10096,Mega Camerupt
2,10097,Mega Altaria
2,10098,Mega Glalie
2,10099,Mega Salamence
2,10100,Mega Metagross
2,10101,Primal Reversion
2,10102,Primal Reversion
2,10103,Mega Rayquaza
2,10104,Mega Lopunny
2,10105,Mega Gallade
2,10106,Mega Audino
2,10107,Mega Diancie
2,10108,Hoopa Unbound
2,10109,Alolan Form
2,10110,Alolan Form
2,10112,Original Cap
2,10113,Alolan Form
2,10114,Alolan Form
2,10115,Alolan Form
2,10116,Alolan Form
2,10117,Alolan Form
2,10118,Alolan Form
2,10119,Alolan Form
2,10120,Alolan Form
2,10121,Alolan Form
2,10122,Alolan Form
2,10123,Alolan Form
2,10124,Alolan Form
2,10125,Alolan Form
2,10126,Alolan Form
2,10127,Alolan Form
2,10128,Alolan Form
2,10130,Ash-Greninja
2,10131,10% Forme
2,10132,10% Forme
2,10133,50% Forme
2,10134,Complete Forme
2,10137,Pom-Pom Style
2,10138,Pa’u Style
2,10139,Sensu Style
2,10140,Midnight Form
2,10141,School Form
2,10144,Type: Fighting
2,10145,Type: Flying
2,10146,Type: Poison
2,10147,Type: Ground
2,10148,Type: Rock
2,10149,Type: Bug
2,10150,Type: Ghost
2,10151,Type: Steel
2,10152,Type: Fire
2,10153,Type: Water
2,10154,Type: Grass
2,10155,Type: Electric
2,10156,Type: Psychic
2,10157,Type: Ice
2,10158,Type: Dragon
2,10159,Type: Dark
2,10160,Type: Fairy
2,10161,Red Core
2,10167,Dusk Form
2,10170,Dusk Mane
2,10171,Dawn Wings
2,10172,Ultra Necrozma
2,10175,Galarian Form
2,10176,Galarian Form
2,10177,Galarian Form
2,10178,Galarian Form
2,10179,Galarian Form
2,10180,Galarian Form
2,10181,Galarian Form
2,10182,Galarian Form
2,10183,Galarian Form
2,10184,Galarian Form
2,10185,Galarian Form
2,10186,Zen Mode
2,10187,Galarian Form
2,10188,Galarian Form
2,10189,Low Key Form
2,10190,Noice Face
2,10191,Female
2,10192,Crowned Sword
2,10193,Crowned Shield
2,10194,Eternamax
2,10195,Galarian Form
2,20001,One form
2,20002,One form
2,20003,One form
2,20004,One form
2,20005,One form
2,20006,One form
2,20007,One form
2,20008,One form
2,20009,One form
2,20010,One form
2,20011,One form
2,20012,One form
2,20013,One form
2,20014,One form
2,20015,One form
2,20016,One form
2,20017,One form
2,20018,One form
2,20019,One form
2,20020,One form
2,20021,One form
2,20022,One form
2,20023,One form
2,20024,One form
2,20025,One form
2,20026,One form
2,20027,One form
2,20028,Sandy Cloak
2,20029,Trash Cloak
2,20030,Sunshine Form
2,20031,East Sea
2,20032,East Sea
2,20033,Summer Form
2,20034,Autumn Form
2,20035,Winter Form
2,20036,Summer Form
2,20037,Autumn Form
2,20038,Winter Form
2,20039,Genesect
2,20040,Genesect
2,20041,Genesect
2,20042,Genesect
2,20043,Resolute Form
2,20044,Polar Pattern
2,20045,Tundra Pattern
2,20046,Continental Pattern
2,20047,Garden Pattern
2,20048,Elegant Pattern
2,20049,Meadow Pattern
2,20050,Modern Pattern
2,20051,Marine Pattern
2,20052,Archipelago Pattern
2,20053,High Plains Pattern
2,20054,Sandstorm Pattern
2,20055,River Pattern
2,20056,Monsoon Pattern
2,20057,Savanna Pattern
2,20058,Sun Pattern
2,20059,Ocean Pattern
2,20060,Jungle Pattern
2,20061,Fancy Pattern
2,20062,Poké Ball Pattern
2,20063,Yellow Flower
2,20064,Orange Flower
2,20065,Blue Flower
2,20066,White Flower
2,20067,Yellow Flower
2,20068,Orange Flower
2,20069,Blue Flower
2,20070,White Flower
2,20071,Yellow Flower
2,20072,Orange Flower
2,20073,Blue Flower
2,20074,White Flower
2,20075,Heart Trim
2,20076,Star Trim
2,20077,Diamond Trim
2,20078,Debutante Trim
2,20079,Matron Trim
2,20080,Dandy Trim
2,20081,La Reine Trim
2,20082,Kabuki Trim
2,20083,Pharaoh Trim
2,20084,Active Mode
2,20085,Hoenn Cap
2,20086,Sinnoh Cap
2,20087,Unova Cap
2,20088,Kalos Cap
2,20089,Alola Cap
2,20090,Meteor Form
2,20091,Meteor Form
2,20092,Meteor Form
2,20093,Meteor Form
2,20094,Meteor Form
2,20095,Meteor Form
2,20096,Orange Core
2,20097,Yellow Core
2,20098,Green Core
2,20099,Blue Core
2,20100,Indigo Core
2,20101,Violet Core
2,20102,Busted Form
2,20104,Original Color
2,20105,Partner Cap
2,20106,Gigantamax
2,20107,Gigantamax
2,20108,Gigantamax
2,20109,Gigantamax
2,20110,Gigantamax
2,20111,Gigantamax
2,20112,Gigantamax
2,20113,Gigantamax
2,20114,Gigantamax
2,20115,Gigantamax
2,20116,Gigantamax
2,20117,Gigantamax
2,20118,Gigantamax
2,20119,Gigantamax
2,20120,Gigantamax
2,20121,Gigantamax
2,20122,Gigantamax
2,20123,Gigantamax
2,20124,Gigantamax
2,20125,Gulping Form
2,20126,Gorging Form
2,20127,Gigantamax
2,20128,Gigantamax
2,20131,Gigantamax
2,20132,Gigantamax
2,20133,Vanilla Cream
2,20134,Vanilla Cream
2,20135,Vanilla Cream
2,20136,Vanilla Cream
2,20137,Vanilla Cream
2,20138,Vanilla Cream
2,20139,Ruby Cream
2,20140,Ruby Cream
2,20141,Ruby Cream
2,20142,Ruby Cream
2,20143,Ruby Cream
2,20144,Ruby Cream
2,20145,Ruby Cream
2,20146,Matcha Cream
2,20147,Matcha Cream
2,20148,Matcha Cream
2,20149,Matcha Cream
2,20150,Matcha Cream
2,20151,Matcha Cream
2,20152,Matcha Cream
2,20153,Mint Cream
2,20154,Mint Cream
2,20155,Mint Cream
2,20156,Mint Cream
2,20157,Mint Cream
2,20158,Mint Cream
2,20159,Mint Cream
2,20160,Lemon Cream
2,20161,Lemon Cream
2,20162,Lemon Cream
2,20163,Lemon Cream
2,20164,Lemon Cream
2,20165,Lemon Cream
2,20166,Lemon Cream
2,20167,Salted Cream
2,20168,Salted Cream
2,20169,Salted Cream
2,20170,Salted Cream
2,20171,Salted Cream
2,20172,Salted Cream
2,20173,Salted Cream
2,20174,Ruby Swirl
2,20175,Ruby Swirl
2,20176,Ruby Swirl
2,20177,Ruby Swirl
2,20178,Ruby Swirl
2,20179,Ruby Swirl
2,20180,Ruby Swirl
2,20181,Caramel Swirl
2,20182,Caramel Swirl
2,20183,Caramel Swirl
2,20184,Caramel Swirl
2,20185,Caramel Swirl
2,20186,Caramel Swirl
2,20187,Caramel Swirl
2,20188,Rainbow Swirl
2,20189,Rainbow Swirl
2,20190,Rainbow Swirl
2,20191,Rainbow Swirl
2,20192,Rainbow Swirl
2,20193,Rainbow Swirl
2,20194,Rainbow Swirl
2,20195,Gigantamax
2,20196,Hangry Mode
2,20197,Gigantamax
2,20198,Gigantamax
2,20199,Gigantamax
3,201,Forme Unique
3,351,Forme de Morphéo
3,382,Kyogre
3,383,Groudon
3,386,Forme Normale
3,412,Cape Plante
3,413,Cape Plante
3,421,Temps Couvert
3,422,Mer Occident
3,423,Mer Occident
3,479,Forme de Motisma
3,487,Forme Alternative
3,492,Forme Terrestre
3,493,Forme de Arceus
3,550,Motif Rouge
3,555,Mode Normal
3,585,Forme Printemps
3,586,Forme Printemps
3,641,Forme Avatar
3,642,Forme Avatar
3,645,Forme Avatar
3,646,Forme de Kyurem
3,647,Aspect Normal
3,648,Forme Chant
3,649,Forme de Genesect
3,666,Motif Blizzard
3,669,Fleur Rouge
3,670,Fleur Rouge
3,671,Fleur Rouge
3,676,Forme Sauvage
3,678,Mâle
3,681,Forme Parade
3,710,Taille Normale
3,711,Taille Normale
3,716,Mode Paisible
3,718,Forme 50 %
3,720,Hoopa Enchaîné
3,741,Style Flamenco
3,745,Forme Diurne
3,746,Forme Solitaire
3,773,Type : Normal
3,774,Forme Météore
3,778,Forme Déguisée
3,849,Forme Aigüe
3,869,Lait Vanille
3,875,Tête de Gel
3,876,Mâle
3,877,Mode Rassasié
3,888,Héros Aguerri
3,889,Héros Aguerri
3,10001,Forme Solaire
3,10002,Forme Eau de Pluie
3,10003,Forme Blizzard
3,10004,Forme Attaque
3,10005,Forme Défense
3,10006,Forme Vitesse
3,10007,Cape Sable
3,10008,Cape Déchet
3,10009,Forme de Arceus
3,10010,Forme de Arceus
3,10011,Forme de Arceus
3,10012,Forme de Arceus
3,10013,Forme de Arceus
3,10014,Forme de Arceus
3,10015,Forme de Arceus
3,10016,Forme de Arceus
3,10017,Forme de Arceus
3,10018,Forme de Arceus
3,10019,Forme de Arceus
3,10020,Forme de Arceus
3,10021,Forme de Arceus
3,10022,Forme de Arceus
3,10023,Forme de Arceus
3,10024,Forme de Arceus
3,10026,Motisma Chaleur
3,10027,Motisma Lavage
3,10028,Motisma Froid
3,10029,Motisma Hélice
3,10030,Motisma Tonte
3,10031,Forme Originelle
3,10032,Forme Céleste
3,10034,Motif Bleu
3,10035,Mode Transe
3,10036,Forme Danse
3,10037,Forme Totémique
3,10038,Forme Totémique
3,10039,Forme Totémique
3,10040,Kyurem Blanc
3,10041,Kyurem Noir
3,10042,Méga-Florizarre
3,10043,Méga-Dracaufeu X
3,10044,Méga-Dracaufeu Y
3,10045,Méga-Tortank
3,10046,Méga-Alakazam
3,10047,Méga-Ectoplasma
3,10048,Méga-Kangourex
3,10049,Méga-Scarabrute
3,10050,Méga-Léviator
3,10051,Méga-Ptéra
3,10052,Méga-Mewtwo X
3,10053,Méga-Mewtwo Y
3,10054,Méga-Pharamp
3,10055,Méga-Cizayox
3,10056,Méga-Scarhino
3,10057,Méga-Démolosse
3,10058,Méga-Tyranocif
3,10059,Méga-Braségali
3,10060,Méga-Gardevoir
3,10061,Méga-Mysdibule
3,10062,Méga-Galeking
3,10063,Méga-Charmina
3,10064,Méga-Élecsprint
3,10065,Méga-Branette
3,10066,Méga-Absol
3,10067,Méga-Latias
3,10068,Méga-Latios
3,10069,Méga-Carchacrok
3,10070,Méga-Lucario
3,10071,Méga-Blizzaroi
3,10072,Forme de Arceus
3,10073,Éternelle
3,10074,Femelle
3,10075,Forme Assaut
3,10076,Taille Mini
3,10077,Taille Maxi
3,10078,Taille Ultra
3,10079,Taille Mini
3,10080,Taille Maxi
3,10081,Taille Ultra
3,10082,Méga-Dardargnan
3,10083,Méga-Roucarnage
3,10084,Pikachu Rockeur
3,10085,Pikachu Lady
3,10086,Pikachu Star
3,10087,Pikachu Docteur
3,10088,Pikachu Catcheur
3,10089,Pikachu Cosplayeur
3,10090,Méga-Flagadoss
3,10091,Méga-Steelix
3,10092,Méga-Jungko
3,10093,Méga-Laggron
3,10094,Méga-Ténéfix
3,10095,Méga-Sharpedo
3,10096,Méga-Camérupt
3,10097,Méga-Altaria
3,10098,Méga-Oniglali
3,10099,Méga-Drattak
3,10100,Méga-Métalosse
3,10101,Primo-Résurgence
3,10102,Primo-Résurgence
3,10103,Méga-Rayquaza
3,10104,Méga-Lockpin
3,10105,Méga-Gallame
3,10106,Méga-Nanméouïe
3,10107,Méga-Diancie
3,10108,Hoopa Déchaîné
3,10109,Forme d’Alola
3,10110,Forme d’Alola
3,10112,Casquette Originale
3,10113,Forme d’Alola
3,10114,Forme d’Alola
3,10115,Forme d’Alola
3,10116,Forme d’Alola
3,10117,Forme d’Alola
3,10118,Forme d’Alola
3,10119,Forme d’Alola
3,10120,Forme d’Alola
3,10121,Forme d’Alola
3,10122,Forme d’Alola
3,10123,Forme d’Alola
3,10124,Forme d’Alola
3,10125,Forme d’Alola
3,10126,Forme d’Alola
3,10127,Forme d’Alola
3,10128,Forme d’Alola
3,10130,Forme Sacha
3,10131,Forme 10 %
3,10132,Forme 10 %
3,10133,Forme 50 %
3,10134,Forme Parfaite
3,10137,Style Pom-Pom
3,10138,Style Hula
3,10139,Style Buyō
3,10140,Forme Nocturne
3,10141,Forme Banc
3,10144,Type : Combat
3,10145,Type : Vol
3,10146,Type : Poison
3,10147,Type : Sol
3,10148,Type : Roche
3,10149,Type : Insecte
3,10150,Type : Spectre
3,10151,Type : Acier
3,10152,Type : Feu
3,10153,Type : Eau
3,10154,Type : Plante
3,10155,Type : Électrik
3,10156,Type : Psy
3,10157,Type : Glace
3,10158,Type : Dragon
3,10159,Type : Ténèbres
3,10160,Type : Fée
3,10161,Noyau Rouge
3,10167,Forme Crépusculaire
3,10170,Crinière du Couchant
3,10171,Ailes de l’Aurore
3,10172,Ultra-Necrozma
3,10175,Forme de Galar
3,10176,Forme de Galar
3,10177,Forme de Galar
3,10178,Forme de Galar
3,10179,Forme de Galar
3,10180,Forme de Galar
3,10181,Forme de Galar
3,10182,Forme de Galar
3,10183,Forme de Galar
3,10184,Forme de Galar
3,10185,Forme de Galar
3,10186,Mode Transe
3,10187,Forme de Galar
3,10188,Forme de Galar
3,10189,Forme Grave
3,10190,Tête Dégel
3,10191,Femelle
3,10192,Épée Suprême
3,10193,Bouclier Suprême
3,10194,Infinimax
3,10195,Forme de Galar
3,20001,Forme Unique
3,20002,Forme Unique
3,20003,Forme Unique
3,20004,Forme Unique
3,20005,Forme Unique
3,20006,Forme Unique
3,20007,Forme Unique
3,20008,Forme Unique
3,20009,Forme Unique
3,20010,Forme Unique
3,20011,Forme Unique
3,20012,Forme Unique
3,20013,Forme Unique
3,20014,Forme Unique
3,20015,Forme Unique
3,20016,Forme Unique
3,20017,Forme Unique
3,20018,Forme Unique
3,20019,Forme Unique
3,20020,Forme Unique
3,20021,Forme Unique
3,20022,Forme Unique
3,20023,Forme Unique
3,20024,Forme Unique
3,20025,Forme Unique
3,20026,Forme Unique
3,20027,Forme Unique
3,20028,Cape Sable
3,20029,Cape Déchet
3,20030,Temps Ensoleillé
3,20031,Mer Orient
3,20032,Mer Orient
3,20033,Forme Été
3,20034,Forme Automne
3,20035,Forme Hiver
3,20036,Forme Été
3,20037,Forme Automne
3,20038,Forme Hiver
3,20039,Forme de Genesect
3,20040,Forme de Genesect
3,20041,Forme de Genesect
3,20042,Forme de Genesect
3,20043,Aspect Décidé
3,20044,Motif Banquise
3,20045,Motif Glace
3,20046,Motif Continent
3,20047,Motif Verdure
3,20048,Motif Monarchie
3,20049,Motif Floraison
3,20050,Motif Métropole
3,20051,Motif Rivage
3,20052,Motif Archipel
3,20053,Motif Sécheresse
3,20054,Motif Sable
3,20055,Motif Delta
3,20056,Motif Cyclone
3,20057,Motif Mangrove
3,20058,Motif Zénith
3,20059,Motif Soleil Levant
3,20060,Motif Jungle
3,20061,Motif Fantaisie
3,20062,Motif Poké Ball
3,20063,Fleur Jaune
3,20064,Fleur Orange
3,20065,Fleur Bleue
3,20066,Fleur Blanche
3,20067,Fleur Jaune
3,20068,Fleur Orange
3,20069,Fleur Bleue
3,20070,Fleur Blanche
3,20071,Fleur Jaune
3,20072,Fleur Orange
3,20073,Fleur Bleue
3,20074,Fleur Blanche
3,20075,Coupe Cœur
3,20076,Coupe Étoile
3,20077,Coupe Diamant
3,20078,Coupe Demoiselle
3,20079,Coupe Madame
3,20080,Coupe Monsieur
3,20081,Coupe Reine
3,20082,Coupe Kabuki
3,20083,Coupe Pharaon
3,20084,Mode Déchaîné
3,20085,Casquette de Hoenn
3,20086,Casquette de Sinnoh
3,20087,Casquette d’Unys
3,20088,Casquette de Kalos
3,20089,Casquette d’Alola
3,20090,Forme Météore
3,20091,Forme Météore
3,20092,Forme Météore
3,20093,Forme Météore
3,20094,Forme Météore
3,20095,Forme Météore
3,20096,Noyau Orange
3,20097,Noyau Jaune
3,20098,Noyau Vert
3,20099,Noyau Bleu
3,20100,Noyau Indigo
3,20101,Noyau Violet
3,20102,Forme Démasquée
3,20104,Couleur du Passé
3,20105,Casquette Partenaire
3,20106,Gigamax
3,20107,Gigamax
3,20108,Gigamax
3,20109,Gigamax
3,20110,Gigamax
3,20111,Gigamax
3,20112,Gigamax
3,20113,Gigamax
3,20114,Gigamax
3,20115,Gigamax
3,20116,Gigamax
3,20117,Gigamax
3,20118,Gigamax
3,20119,Gigamax
3,20120,Gigamax
3,20121,Gigamax
3,20122,Gigamax
3,20123,Gigamax
3,20124,Gigamax
3,20125,Forme Gobe-Tout
3,20126,Forme Gobe-Chu
3,20127,Gigamax
3,20128,Gigamax
3,20131,Gigamax
3,20132,Gigamax
3,20133,Lait Vanille
3,20134,Lait Vanille
3,20135,Lait Vanille
3,20136,Lait Vanille
3,20137,Lait Vanille
3,20138,Lait Vanille
3,20139,Lait Ruby
3,20140,Lait Ruby
3,20141,Lait Ruby
3,20142,Lait Ruby
3,20143,Lait Ruby
3,20144,Lait Ruby
3,20145,Lait Ruby
3,20146,Lait Matcha
3,20147,Lait Matcha
3,20148,Lait Matcha
3,20149,Lait Matcha
3,20150,Lait Matcha
3,20151,Lait Matcha
3,20152,Lait Matcha
3,20153,Lait Menthe
3,20154,Lait Menthe
3,20155,Lait Menthe
3,20156,Lait Menthe
3,20157,Lait Menthe
3,20158,Lait Menthe
3,20159,Lait Menthe
3,20160,Lait Citron
3,20161,Lait Citron
3,20162,Lait Citron
3,20163,Lait Citron
3,20164,Lait Citron
3,20165,Lait Citron
3,20166,Lait Citron
3,20167,Lait Salé
3,20168,Lait Salé
3,20169,Lait Salé
3,20170,Lait Salé
3,20171,Lait Salé
3,20172,Lait Salé
3,20173,Lait Salé
3,20174,Mélange Ruby
3,20175,Mélange Ruby
3,20176,Mélange Ruby
3,20177,Mélange Ruby
3,20178,Mélange Ruby
3,20179,Mélange Ruby
3,20180,Mélange Ruby
3,20181,Mélange Caramel
3,20182,Mélange Caramel
3,20183,Mélange Caramel
3,20184,Mélange Caramel
3,20185,Mélange Caramel
3,20186,Mélange Caramel
3,20187,Mélange Caramel
3,20188,Mélange Tricolore
3,20189,Mélange Tricolore
3,20190,Mélange Tricolore
3,20191,Mélange Tricolore
3,20192,Mélange Tricolore
3,20193,Mélange Tricolore
3,20194,Mélange Tricolore
3,20195,Gigamax
3,20196,Mode Affamé
3,20197,Gigamax
3,20198,Gigamax
3,20199,Gigamax
4,201,Eine Form
4,351,Formeo
4,382,Kyogre
4,383,Groudon
4,386,Normalform
4,412,Pflanzenumhang
4,413,Pflanzenumhang
4,421,Wolkenform
4,422,Westliches Meer
4,423,Westliches Meer
4,479,Rotom
4,487,Wandelform
4,492,Landform
4,493,Arceus
4,550,Rotlinige Form
4,555,Normalmodus
4,585,Frühlingsform
4,586,Frühlingsform
4,641,Inkarnationsform
4,642,Inkarnationsform
4,645,Inkarnationsform
4,646,Kyurem
4,647,Standardform
4,648,Gesangsform
4,649,Genesect
4,666,Frostmuster
4,669,Rotblütler
4,670,Rotblütler
4,671,Rotblütler
4,676,Zottelform
4,678,Männlich
4,681,Schildform
4,710,Größe M
4,711,Größe M
4,716,Ruhe-Modus
4,718,50%-Form
4,720,Gebanntes Hoopa
4,741,Flamenco-Stil
4,745,Tagform
4,746,Einzelform
4,773,Typ:Normal
4,774,Meteorform
4,778,Verkleidete Form
4,849,Hoch-Form
4,869,Vanille-Creme
4,875,Tiefkühlkopf
4,876,Männlich
4,877,Pappsattmuster
4,888,Heldenhafter Krieger
4,889,Heldenhafter Krieger
4,10001,Sonnenform
4,10002,Regenform
4,10003,Schneeform
4,10004,Angriffsform
4,10005,Verteidigungsform
4,10006,Initiativeform
4,10007,Sandumhang
4,10008,Lumpenumhang
4,10009,Arceus
4,10010,Arceus
4,10011,Arceus
4,10012,Arceus
4,10013,Arceus
4,10014,Arceus
4,10015,Arceus
4,10016,Arceus
4,10017,Arceus
4,10018,Arceus
4,10019,Arceus
4,10020,Arceus
4,10021,Arceus
4,10022,Arceus
4,10023,Arceus
4,10024,Arceus
4,10026,Hitze-Rotom
4,10027,Wasch-Rotom
4,10028,Frost-Rotom
4,10029,Wirbel-Rotom
4,10030,Schneid-Rotom
4,10031,Urform
4,10032,Zenitform
4,10034,Blaulinige Form
4,10035,Trance-Modus
4,10036,Tanzform
4,10037,Tiergeistform
4,10038,Tiergeistform
4,10039,Tiergeistform
4,10040,Weißes Kyurem
4,10041,Schwarzes Kyurem
4,10042,Mega-Bisaflor
4,10043,Mega-Glurak X
4,10044,Mega-Glurak Y
4,10045,Mega-Turtok
4,10046,Mega-Simsala
4,10047,Mega-Gengar
4,10048,Mega-Kangama
4,10049,Mega-Pinsir
4,10050,Mega-Garados
4,10051,Mega-Aerodactyl
4,10052,Mega-Mewtu X
4,10053,Mega-Mewtu Y
4,10054,Mega-Ampharos
4,10055,Mega-Scherox
4,10056,Mega-Skaraborn
4,10057,Mega-Hundemon
4,10058,Mega-Despotar
4,10059,Mega-Lohgock
4,10060,Mega-Guardevoir
4,10061,Mega-Flunkifer
4,10062,Mega-Stolloss
4,10063,Mega-Meditalis
4,10064,Mega-Voltenso
4,10065,Mega-Banette
4,10066,Mega-Absol
4,10067,Mega-Latias
4,10068,Mega-Latios
4,10069,Mega-Knakrack
4,10070,Mega-Lucario
4,10071,Mega-Rexblisar
4,10072,Arceus
4,10073,Ewigblütler
4,10074,Weiblich
4,10075,Klingenform
4,10076,Größe S
4,10077,Größe L
4,10078,Größe XL
4,10079,Größe S
4,10080,Größe L
4,10081,Größe XL
4,10082,Mega-Bibor
4,10083,Mega-Tauboss
4,10084,Rocker-Pikachu
4,10085,Damen-Pikachu
4,10086,Star-Pikachu
4,10087,Professoren-Pikachu
4,10088,Wrestler-Pikachu
4,10089,Cosplay-Pikachu
4,10090,Mega-Lahmus
4,10091,Mega-Stahlos
4,10092,Mega-Gewaldro
4,10093,Mega-Sumpex
4,10094,Mega-Zobiris
4,10095,Mega-Tohaido
4,10096,Mega-Camerupt
4,10097,Mega-Altaria
4,10098,Mega-Firnontor
4,10099,Mega-Brutalanda
4,10100,Mega-Metagross
4,10101,Protomorphose
4,10102,Protomorphose
4,10103,Mega-Rayquaza
4,10104,Mega-Schlapor
4,10105,Mega-Galagladi
4,10106,Mega-Ohrdoch
4,10107,Mega-Diancie
4,10108,Entfesseltes Hoopa
4,10109,Alola-Form
4,10110,Alola-Form
4,10112,Original-Kappe
4,10113,Alola-Form
4,10114,Alola-Form
4,10115,Alola-Form
4,10116,Alola-Form
4,10117,Alola-Form
4,10118,Alola-Form
4,10119,Alola-Form
4,10120,Alola-Form
4,10121,Alola-Form
4,10122,Alola-Form
4,10123,Alola-Form
4,10124,Alola-Form
4,10125,Alola-Form
4,10126,Alola-Form
4,10127,Alola-Form
4,10128,Alola-Form
4,10130,Ash-Form
4,10131,10%-Form
4,10132,10%-Form
4,10133,50%-Form
4,10134,Optimumform
4,10137,Cheerleading-Stil
4,10138,Hula-Stil
4,10139,Buyo-Stil
4,10140,Nachtform
4,10141,Schwarmform
4,10144,Typ:Kampf
4,10145,Typ:Flug
4,10146,Typ:Gift
4,10147,Typ:Boden
4,10148,Typ:Gestein
4,10149,Typ:Käfer
4,10150,Typ:Geist
4,10151,Typ:Stahl
4,10152,Typ:Feuer
4,10153,Typ:Wasser
4,10154,Typ:Pflanze
4,10155,Typ:Elektro
4,10156,Typ:Psycho
4,10157,Typ:Eis
4,10158,Typ:Drache
4,10159,Typ:Unlicht
4,10160,Typ:Fee
4,10161,Roter Kern
4,10167,Zwielichtform
4,10170,Abendmähne
4,10171,Morgenschwingen
4,10172,Ultra-Necrozma
4,10175,Galar-Form
4,10176,Galar-Form
4,10177,Galar-Form
4,10178,Galar-Form
4,10179,Galar-Form
4,10180,Galar-Form
4,10181,Galar-Form
4,10182,Galar-Form
4,10183,Galar-Form
4,10184,Galar-Form
4,10185,Galar-Form
4,10186,Trance-Modus
4,10187,Galar-Form
4,10188,Galar-Form
4,10189,Tief-Form
4,10190,Wohlfühlkopf
4,10191,Weiblich
4,10192,König des Schwertes
4,10193,König des Schildes
4,10194,Unendynamax
4,10195,Galar-Form
4,20001,Eine Form
4,20002,Eine Form
4,20003,Eine Form
4,20004,Eine Form
4,20005,Eine Form
4,20006,Eine Form
4,20007,Eine Form
4,20008,Eine Form
4,20009,Eine Form
4,20010,Eine Form
4,20011,Eine Form
4,20012,Eine Form
4,20013,Eine Form
4,20014,Eine Form
4,20015,Eine Form
4,20016,Eine Form
4,20017,Eine Form
4,20018,Eine Form
4,20019,Eine Form
4,20020,Eine Form
4,20021,Eine Form
4,20022,Eine Form
4,20023,Eine Form
4,20024,Eine Form
4,20025,Eine Form
4,20026,Eine Form
4,20027,Eine Form
4,20028,Sandumhang
4,20029,Lumpenumhang
4,20030,Sonnenform
4,20031,Östliches Meer
4,20032,Östliches Meer
4,20033,Sommerform
4,20034,Herbstform
4,20035,Winterform
4,20036,Sommerform
4,20037,Herbstform
4,20038,Winterform
4,20039,Genesect
4,20040,Genesect
4,20041,Genesect
4,20042,Genesect
4,20043,Resolutform
4,20044,Schneefeldmuster
4,20045,Flockenmuster
4,20046,Kontinentalmuster
4,20047,Ziergartenmuster
4,20048,Prunkmuster
4,20049,Blumenmeermuster
4,20050,Innovationsmuster
4,20051,Aquamarinmuster
4,20052,Archipelmuster
4,20053,Dürremuster
4,20054,Sandmuster
4,20055,Flussdeltamuster
4,20056,Monsunmuster
4,20057,Savannenmuster
4,20058,Sonnenmuster
4,20059,Ozeanmuster
4,20060,Dschungelmuster
4,20061,Fantasiemuster
4,20062,Pokéball-Muster
4,20063,Gelbblütler
4,20064,Orangeblütler
4,20065,Blaublütler
4,20066,Weißblütler
4,20067,Gelbblütler
4,20068,Orangeblütler
4,20069,Blaublütler
4,20070,Weißblütler
4,20071,Gelbblütler
4,20072,Orangeblütler
4,20073,Blaublütler
4,20074,Weißblütler
4,20075,Herzchenschnitt
4,20076,Sternchenschnitt
4,20077,Diamantenschnitt
4,20078,Fräuleinschnitt
4,20079,Damenschnitt
4,20080,Kavaliersschnitt
4,20081,Königinnenschnitt
4,20082,Kabuki-Schnitt
4,20083,Herrscherschnitt
4,20084,Aktiv-Modus
4,20085,Hoenn-Kappe
4,20086,Sinnoh-Kappe
4,20087,Einall-Kappe
4,20088,Kalos-Kappe
4,20089,Alola-Kappe
4,20090,Meteorform
4,20091,Meteorform
4,20092,Meteorform
4,20093,Meteorform
4,20094,Meteorform
4,20095,Meteorform
4,20096,Oranger Kern
4,20097,Gelber Kern
4,20098,Grüner Kern
4,20099,Hellblauer Kern
4,20100,Blauer Kern
4,20101,Violetter Kern
4,20102,Entlarvte Form
4,20104,Originalfarbe
4,20105,Partner-Kappe
4,20106,Gigadynamax
4,20107,Gigadynamax
4,20108,Gigadynamax
4,20109,Gigadynamax
4,20110,Gigadynamax
4,20111,Gigadynamax
4,20112,Gigadynamax
4,20113,Gigadynamax
4,20114,Gigadynamax
4,20115,Gigadynamax
4,20116,Gigadynamax
4,20117,Gigadynamax
4,20118,Gigadynamax
4,20119,Gigadynamax
4,20120,Gigadynamax
4,20121,Gigadynamax
4,20122,Gigadynamax
4,20123,Gigadynamax
4,20124,Gigadynamax
4,20125,Schlingform
4,20126,Stopfform
4,20127,Gigadynamax
4,20128,Gigadynamax
4,20131,Gigadynamax
4,20132,Gigadynamax
4,20133,Vanille-Creme
4,20134,Vanille-Creme
4,20135,Vanille-Creme
4,20136,Vanille-Creme
4,20137,Vanille-Creme
4,20138,Vanille-Creme
4,20139,Ruby-Creme
4,20140,Ruby-Creme
4,20141,Ruby-Creme
4,20142,Ruby-Creme
4,20143,Ruby-Creme
4,20144,Ruby-Creme
4,20145,Ruby-Creme
4,20146,Matcha-Creme
4,20147,Matcha-Creme
4,20148,Matcha-Creme
4,20149,Matcha-Creme
4,20150,Matcha-Creme
4,20151,Matcha-Creme
4,20152,Matcha-Creme
4,20153,Minz-Creme
4,20154,Minz-Creme
4,20155,Minz-Creme
4,20156,Minz-Creme
4,20157,Minz-Creme
4,20158,Minz-Creme
4,20159,Minz-Creme
4,20160,Zitronen-Creme
4,20161,Zitronen-Creme
4,20162,Zitronen-Creme
4,20163,Zitronen-Creme
4,20164,Zitronen-Creme
4,20165,Zitronen-Creme
4,20166,Zitronen-Creme
4,20167,Salz-Creme
4,20168,Salz-Creme
4,20169,Salz-Creme
4,20170,Salz-Creme
4,20171,Salz-Creme
4,20172,Salz-Creme
4,20173,Salz-Creme
4,20174,Ruby-Mix
4,20175,Ruby-Mix
4,20176,Ruby-Mix
4,20177,Ruby-Mix
4,20178,Ruby-Mix
4,20179,Ruby-Mix
4,20180,Ruby-Mix
4,20181,Karamell-Mix
4,20182,Karamell-Mix
4,20183,Karamell-Mix
4,20184,Karamell-Mix
4,20185,Karamell-Mix
4,20186,Karamell-Mix
4,20187,Karamell-Mix
4,20188,Trio-Mix
4,20189,Trio-Mix
4,20190,Trio-Mix
4,20191,Trio-Mix
4,20192,Trio-Mix
4,20193,Trio-Mix
4,20194,Trio-Mix
4,20195,Gigadynamax
4,20196,Kohldampfmuster
4,20197,Gigadynamax
4,20198,Gigadynamax
4,20199,Gigadynamax
5,201,Forma Vaga
5,351,Forma Castform
5,386,Forma Normale
5,412,Manto Pianta
5,413,Manto Pianta
5,421,Forma Nuvola
5,422,Mare Ovest
5,423,Mare Ovest
5,479,Forma Rotom
5,487,Forma Alterata
5,492,Forma Terra
5,493,Forma di Arceus
5,550,Forma Linearossa
5,555,Stato Normale
5,585,Forma Primavera
5,586,Forma Primavera
5,641,Forma Incarnazione
5,642,Forma Incarnazione
5,645,Forma Incarnazione
5,646,Forma di Kyurem
5,647,Forma Normale
5,648,Forma Canto
5,649,Forma di Genesect
5,666,Motivo Nevi Perenni
5,669,Fiore Rosso
5,670,Fiore Rosso
5,671,Fiore Rosso
5,676,Forma Selvatica
5,678,Maschio
5,681,Forma Scudo
5,710,Normale
5,711,Normale
5,716,Modo Relax
5,718,Forma 50%
5,720,Hoopa Vincolato
5,741,Stile Flamenco
5,745,Forma Giorno
5,746,Forma Individuale
5,773,Tipo Normale
5,774,Forma Meteora
5,778,Forma Mascherata
5,849,Forma Melodia
5,869,Lattevaniglia
5,875,Gelofaccia
5,876,Maschio
5,877,Motivo Panciapiena
5,888,Eroe di Mille Lotte
5,889,Eroe di Mille Lotte
5,10001,Forma Sole
5,10002,Forma Pioggia
5,10003,Forma Nuvola di Neve
5,10004,Forma Attacco
5,10005,Forma Difesa
5,10006,Forma Velocità
5,10007,Manto Sabbia
5,10008,Manto Scarti
5,10009,Forma di Arceus
5,10010,Forma di Arceus
5,10011,Forma di Arceus
5,10012,Forma di Arceus
5,10013,Forma di Arceus
5,10014,Forma di Arceus
5,10015,Forma di Arceus
5,10016,Forma di Arceus
5,10017,Forma di Arceus
5,10018,Forma di Arceus
5,10019,Forma di Arceus
5,10020,Forma di Arceus
5,10021,Forma di Arceus
5,10022,Forma di Arceus
5,10023,Forma di Arceus
5,10024,Forma di Arceus
5,10026,Rotom Calore
5,10027,Rotom Lavaggio
5,10028,Rotom Gelo
5,10029,Rotom Vortice
5,10030,Rotom Taglio
5,10031,Forma Originale
5,10032,Forma Cielo
5,10034,Forma Lineablu
5,10035,Stato Zen
5,10036,Forma Danza
5,10037,Forma Totem
5,10038,Forma Totem
5,10039,Forma Totem
5,10040,Kyurem Bianco
5,10041,Kyurem Nero
5,10042,MegaVenusaur
5,10043,MegaCharizard X
5,10044,MegaCharizard Y
5,10045,MegaBlastoise
5,10046,MegaAlakazam
5,10047,MegaGengar
5,10048,MegaKangaskhan
5,10049,MegaPinsir
5,10050,MegaGyarados
5,10051,MegaAerodactyl
5,10052,MegaMewtwo X
5,10053,MegaMewtwo Y
5,10054,MegaAmpharos
5,10055,MegaScizor
5,10056,MegaHeracross
5,10057,MegaHoundoom
5,10058,MegaTyranitar
5,10059,MegaBlaziken
5,10060,MegaGardevoir
5,10061,MegaMawile
5,10062,MegaAggron
5,10063,MegaMedicham
5,10064,MegaManectric
5,10065,MegaBanette
5,10066,MegaAbsol
5,10067,MegaLatias
5,10068,MegaLatios
5,10069,MegaGarchomp
5,10070,MegaLucario
5,10071,MegaAbomasnow
5,10072,Forma di Arceus
5,10073,Fiore Eterno
5,10074,Femmina
5,10075,Forma Spada
5,10076,Mini
5,10077,Grande
5,10078,Maxi
5,10079,Mini
5,10080,Grande
5,10081,Maxi
5,10082,MegaBeedrill
5,10083,MegaPidgeot
5,10084,Pikachu rockstar
5,10085,Pikachu damigella
5,10086,Pikachu confetto
5,10087,Pikachu scienziata
5,10088,Pikachu wrestler
5,10089,Pikachu Cosplay
5,10090,MegaSlowbro
5,10091,MegaSteelix
5,10092,MegaSceptile
5,10093,MegaSwampert
5,10094,MegaSableye
5,10095,MegaSharpedo
5,10096,MegaCamerupt
5,10097,MegaAltaria
5,10098,MegaGlalie
5,10099,MegaSalamence
5,10100,MegaMetagross
5,10101,Archeorisveglio
5,10102,Archeorisveglio
5,10103,MegaRayquaza
5,10104,MegaLopunny
5,10105,MegaGallade
5,10106,MegaAudino
5,10107,MegaDiancie
5,10108,Hoopa Libero
5,10109,Forma di Alola
5,10110,Forma di Alola
5,10112,Berretto Originale
5,10113,Forma di Alola
5,10114,Forma di Alola
5,10115,Forma di Alola
5,10116,Forma di Alola
5,10117,Forma di Alola
5,10118,Forma di Alola
5,10119,Forma di Alola
5,10120,Forma di Alola
5,10121,Forma di Alola
5,10122,Forma di Alola
5,10123,Forma di Alola
5,10124,Forma di Alola
5,10125,Forma di Alola
5,10126,Forma di Alola
5,10127,Forma di Alola
5,10128,Forma di Alola
5,10130,Forma Ash
5,10131,Forma 10%
5,10132,Forma 10%
5,10133,Forma 50%
5,10134,Forma Perfetta
5,10137,Stile Cheerdance
5,10138,Stile Hula
5,10139,Stile Buyō
5,10140,Forma Notte
5,10141,Forma Banco
5,10144,Tipo Lotta
5,10145,Tipo Volante
5,10146,Tipo Veleno
5,10147,Tipo Terra
5,10148,Tipo Roccia
5,10149,Tipo Coleottero
5,10150,Tipo Spettro
5,10151,Tipo Acciaio
5,10152,Tipo Fuoco
5,10153,Tipo Acqua
5,10154,Tipo Erba
5,10155,Tipo Elettro
5,10156,Tipo Psico
5,10157,Tipo Ghiaccio
5,10158,Tipo Drago
5,10159,Tipo Buio
5,10160,Tipo Folletto
5,10161,Nucleo Rosso
5,10167,Forma Crepuscolo
5,10170,Criniera del Vespro
5,10171,Ali dell’Aurora
5,10172,UltraNecrozma
5,10175,Forma di Galar
5,10176,Forma di Galar
5,10177,Forma di Galar
5,10178,Forma di Galar
5,10179,Forma di Galar
5,10180,Forma di Galar
5,10181,Forma di Galar
5,10182,Forma di Galar
5,10183,Forma di Galar
5,10184,Forma di Galar
5,10185,Forma di Galar
5,10186,Stato Zen
5,10187,Forma di Galar
5,10188,Forma di Galar
5,10189,Forma Basso
5,10190,Liquefaccia
5,10191,Femmina
5,10192,Re delle Spade
5,10193,Re degli Scudi
5,10194,Dynamax Infinito
5,10195,Forma di Galar
5,20001,Forma Vaga
5,20002,Forma Vaga
5,20003,Forma Vaga
5,20004,Forma Vaga
5,20005,Forma Vaga
5,20006,Forma Vaga
5,20007,Forma Vaga
5,20008,Forma Vaga
5,20009,Forma Vaga
5,20010,Forma Vaga
5,20011,Forma Vaga
5,20012,Forma Vaga
5,20013,Forma Vaga
5,20014,Forma Vaga
5,20015,Forma Vaga
5,20016,Forma Vaga
5,20017,Forma Vaga
5,20018,Forma Vaga
5,20019,Forma Vaga
5,20020,Forma Vaga
5,20021,Forma Vaga
5,20022,Forma Vaga
5,20023,Forma Vaga
5,20024,Forma Vaga
5,20025,Forma Vaga
5,20026,Forma Vaga
5,20027,Forma Vaga
5,20028,Manto Sabbia
5,20029,Manto Scarti
5,20030,Forma Splendore
5,20031,Mare Est
5,20032,Mare Est
5,20033,Forma Estate
5,20034,Forma Autunno
5,20035,Forma Inverno
5,20036,Forma Estate
5,20037,Forma Autunno
5,20038,Forma Inverno
5,20039,Forma di Genesect
5,20040,Forma di Genesect
5,20041,Forma di Genesect
5,20042,Forma di Genesect
5,20043,Forma Risoluta
5,20044,Motivo Nordico
5,20045,Motivo Manto di Neve
5,20046,Motivo Continentale
5,20047,Motivo Prato
5,20048,Motivo Eleganza
5,20049,Motivo Giardinfiore
5,20050,Motivo Trendy
5,20051,Motivo Marino
5,20052,Motivo Arcipelago
5,20053,Motivo Deserto
5,20054,Motivo Sabbia
5,20055,Motivo Fluviale
5,20056,Motivo Pluviale
5,20057,Motivo Savana
5,20058,Motivo Solare
5,20059,Motivo Oceanico
5,20060,Motivo Giungla
5,20061,Motivo Sbarazzino
5,20062,Motivo Poké Ball
5,20063,Fiore Giallo
5,20064,Fiore Arancione
5,20065,Fiore Blu
5,20066,Fiore Bianco
5,20067,Fiore Giallo
5,20068,Fiore Arancione
5,20069,Fiore Blu
5,20070,Fiore Bianco
5,20071,Fiore Giallo
5,20072,Fiore Arancione
5,20073,Fiore Blu
5,20074,Fiore Bianco
5,20075,Taglio Cuore
5,20076,Taglio Stella
5,20077,Taglio Diamante
5,20078,Taglio Signorina
5,20079,Taglio Gentildonna
5,20080,Taglio Gentiluomo
5,20081,Taglio Regina
5,20082,Taglio Kabuki
5,20083,Taglio Faraone
5,20084,Modo Attivo
5,20085,Berretto Hoenn
5,20086,Berretto Sinnoh
5,20087,Berretto Unima
5,20088,Berretto Kalos
5,20089,Berretto Alola
5,20090,Forma Meteora
5,20091,Forma Meteora
5,20092,Forma Meteora
5,20093,Forma Meteora
5,20094,Forma Meteora
5,20095,Forma Meteora
5,20096,Nucleo Arancione
5,20097,Nucleo Giallo
5,20098,Nucleo Verde
5,20099,Nucleo Azzurro
5,20100,Nucleo Indaco
5,20101,Nucleo Violetto
5,20102,Forma Smascherata
5,20104,Colore Antico
5,20105,Berretto Compagni
5,20106,Gigamax
5,20107,Gigamax
5,20108,Gigamax
5,20109,Gigamax
5,20110,Gigamax
5,20111,Gigamax
5,20112,Gigamax
5,20113,Gigamax
5,20114,Gigamax
5,20115,Gigamax
5,20116,Gigamax
5,20117,Gigamax
5,20118,Gigamax
5,20119,Gigamax
5,20120,Gigamax
5,20121,Gigamax
5,20122,Gigamax
5,20123,Gigamax
5,20124,Gigamax
5,20125,Forma Inghiottitutto
5,20126,Forma Inghiottintero
5,20127,Gigamax
5,20128,Gigamax
5,20131,Gigamax
5,20132,Gigamax
5,20133,Lattevaniglia
5,20134,Lattevaniglia
5,20135,Lattevaniglia
5,20136,Lattevaniglia
5,20137,Lattevaniglia
5,20138,Lattevaniglia
5,20139,Latterosa
5,20140,Latterosa
5,20141,Latterosa
5,20142,Latterosa
5,20143,Latterosa
5,20144,Latterosa
5,20145,Latterosa
5,20146,Lattematcha
5,20147,Lattematcha
5,20148,Lattematcha
5,20149,Lattematcha
5,20150,Lattematcha
5,20151,Lattematcha
5,20152,Lattematcha
5,20153,Lattementa
5,20154,Lattementa
5,20155,Lattementa
5,20156,Lattementa
5,20157,Lattementa
5,20158,Lattementa
5,20159,Lattementa
5,20160,Lattelimone
5,20161,Lattelimone
5,20162,Lattelimone
5,20163,Lattelimone
5,20164,Lattelimone
5,20165,Lattelimone
5,20166,Lattelimone
5,20167,Lattesale
5,20168,Lattesale
5,20169,Lattesale
5,20170,Lattesale
5,20171,Lattesale
5,20172,Lattesale
5,20173,Lattesale
5,20174,Rosamix
5,20175,Rosamix
5,20176,Rosamix
5,20177,Rosamix
5,20178,Rosamix
5,20179,Rosamix
5,20180,Rosamix
5,20181,Caramelmix
5,20182,Caramelmix
5,20183,Caramelmix
5,20184,Caramelmix
5,20185,Caramelmix
5,20186,Caramelmix
5,20187,Caramelmix
5,20188,Triplomix
5,20189,Triplomix
5,20190,Triplomix
5,20191,Triplomix
5,20192,Triplomix
5,20193,Triplomix
5,20194,Triplomix
5,20195,Gigamax
5,20196,Motivo Panciavuota
5,20197,Gigamax
5,20198,Gigamax
5,20199,Gigamax
6,201,Una forma
6,351,Forma de Castform
6,382,Kyogre
6,383,Groudon
6,386,Forma Normal
6,412,Tronco Planta
6,413,Tronco Planta
6,421,Forma Encapotado
6,422,Mar Oeste
6,423,Mar Oeste
6,479,Forma de Rotom
6,487,Forma Modificada
6,492,Forma Tierra
6,493,Forma de Arceus
6,550,Forma Raya Roja
6,555,Modo Normal
6,585,Forma Primavera
6,586,Forma Primavera
6,641,Forma Avatar
6,642,Forma Avatar
6,645,Forma Avatar
6,646,Forma Kyurem
6,647,Forma Habitual
6,648,Forma Lírica
6,649,Forma de Genesect
6,666,Motivo Polar
6,669,Flor Roja
6,670,Flor Roja
6,671,Flor Roja
6,676,Forma Salvaje
6,678,Macho
6,681,Forma Escudo
6,710,Tamaño Normal
6,711,Tamaño Normal
6,716,Modo Relajado
6,718,Forma 50%
6,720,Hoopa Contenido
6,741,Estilo Apasionado
6,745,Forma Diurna
6,746,Forma Individual
6,773,Tipo: Normal
6,774,Forma Meteorito
6,778,Forma Encubierta
6,849,Forma Aguda
6,869,Crema de Vainilla
6,875,Cara de Hielo
6,876,Macho
6,877,Forma Saciada
6,888,Guerrero Avezado
6,889,Guerrero Avezado
6,10001,Forma Sol
6,10002,Forma Lluvia
6,10003,Forma Nieve
6,10004,Forma Ataque
6,10005,Forma Defensa
6,10006,Forma Velocidad
6,10007,Tronco Arena
6,10008,Tronco Basura
6,10009,Forma de Arceus
6,10010,Forma de Arceus
6,10011,Forma de Arceus
6,10012,Forma de Arceus
6,10013,Forma de Arceus
6,10014,Forma de Arceus
6,10015,Forma de Arceus
6,10016,Forma de Arceus
6,10017,Forma de Arceus
6,10018,Forma de Arceus
6,10019,Forma de Arceus
6,10020,Forma de Arceus
6,10021,Forma de Arceus
6,10022,Forma de Arceus
6,10023,Forma de Arceus
6,10024,Forma de Arceus
6,10026,Rotom Calor
6,10027,Rotom Lavado
6,10028,Rotom Frío
6,10029,Rotom Ventilador
6,10030,Rotom Corte
6,10031,Forma Origen
6,10032,Forma Cielo
6,10034,Forma Raya Azul
6,10035,Modo Daruma
6,10036,Forma Danza
6,10037,Forma Tótem
6,10038,Forma Tótem
6,10039,Forma Tótem
6,10040,Kyurem Blanco
6,10041,Kyurem Negro
6,10042,Mega-Venusaur
6,10043,Mega-Charizard X
6,10044,Mega-Charizard Y
6,10045,Mega-Blastoise
6,10046,Mega-Alakazam
6,10047,Mega-Gengar
6,10048,Mega-Kangaskhan
6,10049,Mega-Pinsir
6,10050,Mega-Gyarados
6,10051,Mega-Aerodactyl
6,10052,Mega-Mewtwo X
6,10053,Mega-Mewtwo Y
6,10054,Mega-Ampharos
6,10055,Mega-Scizor
6,10056,Mega-Heracross
6,10057,Mega-Houndoom
6,10058,Mega-Tyranitar
6,10059,Mega-Blaziken
6,10060,Mega-Gardevoir
6,10061,Mega-Mawile
6,10062,Mega-Aggron
6,10063,Mega-Medicham
6,10064,Mega-Manectric
6,10065,Mega-Banette
6,10066,Mega-Absol
6,10067,Mega-Latias
6,10068,Mega-Latios
6,10069,Mega-Garchomp
6,10070,Mega-Lucario
6,10071,Mega-Abomasnow
6,10072,Forma de Arceus
6,10073,Flor Eterna
6,10074,Hembra
6,10075,Forma Filo
6,10076,Tamaño Pequeño
6,10077,Tamaño Grande
6,10078,Tamaño Extragrande
6,10079,Tamaño Pequeño
6,10080,Tamaño Grande
6,10081,Tamaño Extragrande
6,10082,Mega-Beedrill
6,10083,Mega-Pidgeot
6,10084,Pikachu Roquera
6,10085,Pikachu Aristócrata
6,10086,Pikachu Superstar
6,10087,Pikachu Erudita
6,10088,Pikachu Enmascarada
6,10089,Pikachu Coqueta
6,10090,Mega-Slowbro
6,10091,Mega-Steelix
6,10092,Mega-Sceptile
6,10093,Mega-Swampert
6,10094,Mega-Sableye
6,10095,Mega-Sharpedo
6,10096,Mega-Camerupt
6,10097,Mega-Altaria
6,10098,Mega-Glalie
6,10099,Mega-Salamence
6,10100,Mega-Metagross
6,10101,Regresión Primigenia
6,10102,Regresión Primigenia
6,10103,Mega-Rayquaza
6,10104,Mega-Lopunny
6,10105,Mega-Gallade
6,10106,Mega-Audino
6,10107,Mega-Diancie
6,10108,Hoopa Desatado
6,10109,Forma de Alola
6,10110,Forma de Alola
6,10112,Gorra Original
6,10113,Forma de Alola
6,10114,Forma de Alola
6,10115,Forma de Alola
6,10116,Forma de Alola
6,10117,Forma de Alola
6,10118,Forma de Alola
6,10119,Forma de Alola
6,10120,Forma de Alola
6,10121,Forma de Alola
6,10122,Forma de Alola
6,10123,Forma de Alola
6,10124,Forma de Alola
6,10125,Forma de Alola
6,10126,Forma de Alola
6,10127,Forma de Alola
6,10128,Forma de Alola
6,10130,Forma Ash
6,10131,Forma 10%
6,10132,Forma 10%
6,10133,Forma 50%
6,10134,Forma Completa
6,10137,Estilo Animado
6,10138,Estilo Plácido
6,10139,Estilo Refinado
6,10140,Forma Nocturna
6,10141,Forma Banco
6,10144,Tipo: Lucha
6,10145,Tipo: Volador
6,10146,Tipo: Veneno
6,10147,Tipo: Tierra
6,10148,Tipo: Roca
6,10149,Tipo: Bicho
6,10150,Tipo: Fantasma
6,10151,Tipo: Acero
6,10152,Tipo: Fuego
6,10153,Tipo: Agua
6,10154,Tipo: Planta
6,10155,Tipo: Eléctrico
6,10156,Tipo: Psíquico
6,10157,Tipo: Hielo
6,10158,Tipo: Dragón
6,10159,Tipo: Siniestro
6,10160,Tipo: Hada
6,10161,Núcleo Rojo
6,10167,Forma Crepuscular
6,10170,Melena Crepuscular
6,10171,Alas del Alba
6,10172,Ultra-Necrozma
6,10175,Forma de Galar
6,10176,Forma de Galar
6,10177,Forma de Galar
6,10178,Forma de Galar
6,10179,Forma de Galar
6,10180,Forma de Galar
6,10181,Forma de Galar
6,10182,Forma de Galar
6,10183,Forma de Galar
6,10184,Forma de Galar
6,10185,Forma de Galar
6,10186,Modo Daruma
6,10187,Forma de Galar
6,10188,Forma de Galar
6,10189,Forma Grave
6,10190,Cara Deshielo
6,10191,Hembra
6,10192,Espada Suprema
6,10193,Escudo Supremo
6,10194,Dinamax Infinito
6,10195,Forma de Galar
6,20001,Una forma
6,20002,Una forma
6,20003,Una forma
6,20004,Una forma
6,20005,Una forma
6,20006,Una forma
6,20007,Una forma
6,20008,Una forma
6,20009,Una forma
6,20010,Una forma
6,20011,Una forma
6,20012,Una forma
6,20013,Una forma
6,20014,Una forma
6,20015,Una forma
6,20016,Una forma
6,20017,Una forma
6,20018,Una forma
6,20019,Una forma
6,20020,Una forma
6,20021,Una forma
6,20022,Una forma
6,20023,Una forma
6,20024,Una forma
6,20025,Una forma
6,20026,Una forma
6,20027,Una forma
6,20028,Tronco Arena
6,20029,Tronco Basura
6,20030,Forma Soleado
6,20031,Mar Este
6,20032,Mar Este
6,20033,Forma Verano
6,20034,Forma Otoño
6,20035,Forma Invierno
6,20036,Forma Verano
6,20037,Forma Otoño
6,20038,Forma Invierno
6,20039,Forma de Genesect
6,20040,Forma de Genesect
6,20041,Forma de Genesect
6,20042,Forma de Genesect
6,20043,Forma Brío
6,20044,Motivo Taiga
6,20045,Motivo Tundra
6,20046,Motivo Continental
6,20047,Motivo Vergel
6,20048,Motivo Oriental
6,20049,Motivo Floral
6,20050,Motivo Moderno
6,20051,Motivo Marino
6,20052,Motivo Isleño
6,20053,Motivo Estepa
6,20054,Motivo Desierto
6,20055,Motivo Oasis
6,20056,Motivo Monzón
6,20057,Motivo Pantano
6,20058,Motivo Solar
6,20059,Motivo Océano
6,20060,Motivo Jungla
6,20061,Motivo Fantasía
6,20062,Motivo Poké Ball
6,20063,Flor Amarilla
6,20064,Flor Naranja
6,20065,Flor Azul
6,20066,Flor Blanca
6,20067,Flor Amarilla
6,20068,Flor Naranja
6,20069,Flor Azul
6,20070,Flor Blanca
6,20071,Flor Amarilla
6,20072,Flor Naranja
6,20073,Flor Azul
6,20074,Flor Blanca
6,20075,Corte Corazón
6,20076,Corte Estrella
6,20077,Corte Rombo
6,20078,Corte Señorita
6,20079,Corte Dama
6,20080,Corte Caballero
6,20081,Corte Aristocrático
6,20082,Corte Kabuki
6,20083,Corte Faraónico
6,20084,Modo Activo
6,20085,Gorra Hoenn
6,20086,Gorra Sinnoh
6,20087,Gorra Teselia
6,20088,Gorra Kalos
6,20089,Gorra Alola
6,20090,Forma Meteorito
6,20091,Forma Meteorito
6,20092,Forma Meteorito
6,20093,Forma Meteorito
6,20094,Forma Meteorito
6,20095,Forma Meteorito
6,20096,Núcleo Naranja
6,20097,Núcleo Amarillo
6,20098,Núcleo Verde
6,20099,Núcleo Azul
6,20100,Núcleo Añil
6,20101,Núcleo Violeta
6,20102,Forma Descubierta
6,20104,Color Vetusto
6,20105,Gorra Compañero
6,20106,Gigamax
6,20107,Gigamax
6,20108,Gigamax
6,20109,Gigamax
6,20110,Gigamax
6,20111,Gigamax
6,20112,Gigamax
6,20113,Gigamax
6,20114,Gigamax
6,20115,Gigamax
6,20116,Gigamax
6,20117,Gigamax
6,20118,Gigamax
6,20119,Gigamax
6,20120,Gigamax
6,20121,Gigamax
6,20122,Gigamax
6,20123,Gigamax
6,20124,Gigamax
6,20125,Forma Tragatodo
6,20126,Forma Engulletodo
6,20127,Gigamax
6,20128,Gigamax
6,20131,Gigamax
6,20132,Gigamax
6,20133,Crema de Vainilla
6,20134,Crema de Vainilla
6,20135,Crema de Vainilla
6,20136,Crema de Vainilla
6,20137,Crema de Vainilla
6,20138,Crema de Vainilla
6,20139,Crema Rosa
6,20140,Crema Rosa
6,20141,Crema Rosa
6,20142,Crema Rosa
6,20143,Crema Rosa
6,20144,Crema Rosa
6,20145,Crema Rosa
6,20146,Crema de Té
6,20147,Crema de Té
6,20148,Crema de Té
6,20149,Crema de Té
6,20150,Crema de Té
6,20151,Crema de Té
6,20152,Crema de Té
6,20153,Crema de Menta
6,20154,Crema de Menta
6,20155,Crema de Menta
6,20156,Crema de Menta
6,20157,Crema de Menta
6,20158,Crema de Menta
6,20159,Crema de Menta
6,20160,Crema de Limón
6,20161,Crema de Limón
6,20162,Crema de Limón
6,20163,Crema de Limón
6,20164,Crema de Limón
6,20165,Crema de Limón
6,20166,Crema de Limón
6,20167,Crema Salada
6,20168,Crema Salada
6,20169,Crema Salada
6,20170,Crema Salada
6,20171,Crema Salada
6,20172,Crema Salada
6,20173,Crema Salada
6,20174,Mezcla Rosa
6,20175,Mezcla Rosa
6,20176,Mezcla Rosa
6,20177,Mezcla Rosa
6,20178,Mezcla Rosa
6,20179,Mezcla Rosa
6,20180,Mezcla Rosa
6,20181,Mezcla Caramelo
6,20182,Mezcla Caramelo
6,20183,Mezcla Caramelo
6,20184,Mezcla Caramelo
6,20185,Mezcla Caramelo
6,20186,Mezcla Caramelo
6,20187,Mezcla Caramelo
6,20188,Tres Sabores
6,20189,Tres Sabores
6,20190,Tres Sabores
6,20191,Tres Sabores
6,20192,Tres Sabores
6,20193,Tres Sabores
6,20194,Tres Sabores
6,20195,Gigamax
6,20196,Forma Voraz
6,20197,Gigamax
6,20198,Gigamax
6,20199,Gigamax
7,201,형태별 모습
7,351,캐스퐁의 모습
7,382,가이오가의 모습
7,383,그란돈의 모습
7,386,노말폼
7,412,초목도롱
7,413,초목도롱
7,421,네거폼
7,422,서쪽바다
7,423,서쪽바다
7,479,로토무의 모습
7,487,어나더폼
7,492,랜드폼
7,493,아르세우스의 모습
7,550,적색근의 모습
7,555,노말모드
7,585,봄의 모습
7,586,봄의 모습
7,641,화신폼
7,642,화신폼
7,645,화신폼
7,646,큐레무의 모습
7,647,평상시 모습
7,648,보이스폼
7,649,게노세크트의 모습
7,666,빙설의 모양
7,669,빨간 꽃
7,670,빨간 꽃
7,671,빨간 꽃
7,676,야생의 모습
7,678,수컷의 모습
7,681,실드폼
7,710,보통 사이즈
7,711,보통 사이즈
7,716,릴랙스모드
7,718,50%폼
7,720,굴레에 빠진 후파
7,741,이글이글스타일
7,745,한낮의 모습
7,746,단독의 모습
7,773,타입:노말
7,774,유성의 모습
7,778,둔갑한 모습
7,849,하이한 모습
7,869,밀키바닐라
7,875,아이스페이스
7,876,수컷의 모습
7,877,배부른 모양
7,888,역전의 용사
7,889,역전의 용사
7,10001,태양의 모습
7,10002,빗방울의 모습
7,10003,설운의 모습
7,10004,어택폼
7,10005,디펜스폼
7,10006,스피드폼
7,10007,모래땅도롱
7,10008,슈레도롱
7,10009,아르세우스의 모습
7,10010,아르세우스의 모습
7,10011,아르세우스의 모습
7,10012,아르세우스의 모습
7,10013,아르세우스의 모습
7,10014,아르세우스의 모습
7,10015,아르세우스의 모습
7,10016,아르세우스의 모습
7,10017,아르세우스의 모습
7,10018,아르세우스의 모습
7,10019,아르세우스의 모습
7,10020,아르세우스의 모습
7,10021,아르세우스의 모습
7,10022,아르세우스의 모습
7,10023,아르세우스의 모습
7,10024,아르세우스의 모습
7,10026,히트로토무
7,10027,워시로토무
7,10028,프로스트로토무
7,10029,스핀로토무
7,10030,커트로토무
7,10031,오리진폼
7,10032,스카이폼
7,10034,청색근의 모습
7,10035,달마모드
7,10036,스텝폼
7,10037,영물폼
7,10038,영물폼
7,10039,영물폼
7,10040,화이트큐레무
7,10041,블랙큐레무
7,10042,메가이상해꽃
7,10043,메가리자몽X
7,10044,메가리자몽Y
7,10045,메가거북왕
7,10046,메가후딘
7,10047,메가팬텀
7,10048,메가캥카
7,10049,메가쁘사이저
7,10050,메가갸라도스
7,10051,메가프테라
7,10052,메가뮤츠X
7,10053,메가뮤츠Y
7,10054,메가전룡
7,10055,메가핫삼
7,10056,메가헤라크로스
7,10057,메가헬가
7,10058,메가마기라스
7,10059,메가번치코
7,10060,메가가디안
7,10061,메가입치트
7,10062,메가보스로라
7,10063,메가요가램
7,10064,메가썬더볼트
7,10065,메가다크펫
7,10066,메가앱솔
7,10067,메가라티아스
7,10068,메가라티오스
7,10069,메가한카리아스
7,10070,메가루카리오
7,10071,메가눈설왕
7,10072,아르세우스의 모습
7,10073,영원의 꽃
7,10074,암컷의 모습
7,10075,블레이드폼
7,10076,작은 사이즈
7,10077,큰 사이즈
7,10078,특대 사이즈
7,10079,작은 사이즈
7,10080,큰 사이즈
7,10081,특대 사이즈
7,10082,메가독침붕
7,10083,메가피죤투
7,10084,하드록 피카츄
7,10085,마담 피카츄
7,10086,아이돌 피카츄
7,10087,닥터 피카츄
7,10088,마스크드 피카츄
7,10089,옷갈아입기 피카츄
7,10090,메가야도란
7,10091,메가강철톤
7,10092,메가나무킹
7,10093,메가대짱이
7,10094,메가깜까미
7,10095,메가샤크니아
7,10096,메가폭타
7,10097,메가파비코리
7,10098,메가얼음귀신
7,10099,메가보만다
7,10100,메가메타그로스
7,10101,원시회귀의 모습
7,10102,원시회귀의 모습
7,10103,메가레쿠쟈
7,10104,메가이어롭
7,10105,메가엘레이드
7,10106,메가다부니
7,10107,메가디안시
7,10108,굴레를 벗어난 후파
7,10109,알로라의 모습
7,10110,알로라의 모습
7,10112,오리지널캡
7,10113,알로라의 모습
7,10114,알로라의 모습
7,10115,알로라의 모습
7,10116,알로라의 모습
7,10117,알로라의 모습
7,10118,알로라의 모습
7,10119,알로라의 모습
7,10120,알로라의 모습
7,10121,알로라의 모습
7,10122,알로라의 모습
7,10123,알로라의 모습
7,10124,알로라의 모습
7,10125,알로라의 모습
7,10126,알로라의 모습
7,10127,알로라의 모습
7,10128,알로라의 모습
7,10130,지우개굴닌자
7,10131,10%폼
7,10132,10%폼
7,10133,50%폼
7,10134,퍼펙트폼
7,10137,파칙파칙스타일
7,10138,훌라훌라스타일
7,10139,하늘하늘스타일
7,10140,한밤중의 모습
7,10141,군집의 모습
7,10144,타입:파이팅
7,10145,타입:플라잉
7,10146,타입:포이즌
7,10147,타입:그라운드
7,10148,타입:락
7,10149,타입:버그
7,10150,타입:고스트
7,10151,타입:스틸
7,10152,타입:파이어
7,10153,타입:워터
7,10154,타입:그래스
7,10155,타입:일렉트릭
7,10156,타입:사이킥
7,10157,타입:아이스
7,10158,타입:드래곤
7,10159,타입:다크
7,10160,타입:페어리
7,10161,빨간색 코어
7,10167,황혼의 모습
7,10170,황혼의 갈기
7,10171,새벽의 날개
7,10172,울트라네크로즈마
7,10175,가라르의 모습
7,10176,가라르의 모습
7,10177,가라르의 모습
7,10178,가라르의 모습
7,10179,가라르의 모습
7,10180,가라르의 모습
7,10181,가라르의 모습
7,10182,가라르의 모습
7,10183,가라르의 모습
7,10184,가라르의 모습
7,10185,가라르의 모습
7,10186,달마모드
7,10187,가라르의 모습
7,10188,가라르의 모습
7,10189,로우한 모습
7,10190,나이스페이스
7,10191,암컷의 모습
7,10192,검왕
7,10193,방패왕
7,10194,무한다이맥스
7,10195,가라르의 모습
7,20001,형태별 모습
7,20002,형태별 모습
7,20003,형태별 모습
7,20004,형태별 모습
7,20005,형태별 모습
7,20006,형태별 모습
7,20007,형태별 모습
7,20008,형태별 모습
7,20009,형태별 모습
7,20010,형태별 모습
7,20011,형태별 모습
7,20012,형태별 모습
7,20013,형태별 모습
7,20014,형태별 모습
7,20015,형태별 모습
7,20016,형태별 모습
7,20017,형태별 모습
7,20018,형태별 모습
7,20019,형태별 모습
7,20020,형태별 모습
7,20021,형태별 모습
7,20022,형태별 모습
7,20023,형태별 모습
7,20024,형태별 모습
7,20025,형태별 모습
7,20026,형태별 모습
7,20027,형태별 모습
7,20028,모래땅도롱
7,20029,슈레도롱
7,20030,포지폼
7,20031,동쪽바다
7,20032,동쪽바다
7,20033,여름의 모습
7,20034,가을의 모습
7,20035,겨울의 모습
7,20036,여름의 모습
7,20037,가을의 모습
7,20038,겨울의 모습
7,20039,게노세크트의 모습
7,20040,게노세크트의 모습
7,20041,게노세크트의 모습
7,20042,게노세크트의 모습
7,20043,각오의 모습
7,20044,설국의 모양
7,20045,설원의 모양
7,20046,대륙의 모양
7,20047,정원의 모양
7,20048,우아한 모양
7,20049,화원의 모양
7,20050,모던한 모양
7,20051,마린의 모양
7,20052,군도의 모양
7,20053,황야의 모양
7,20054,사진의 모양
7,20055,대하의 모양
7,20056,스콜의 모양
7,20057,사바나의 모양
7,20058,태양의 모양
7,20059,오션의 모양
7,20060,정글의 모양
7,20061,팬시한 모양
7,20062,볼의 모양
7,20063,노란 꽃
7,20064,오렌지색 꽃
7,20065,파란 꽃
7,20066,하얀 꽃
7,20067,노란 꽃
7,20068,오렌지색 꽃
7,20069,파란 꽃
7,20070,하얀 꽃
7,20071,노란 꽃
7,20072,오렌지색 꽃
7,20073,파란 꽃
7,20074,하얀 꽃
7,20075,하트컷
7,20076,스타컷
7,20077,다이아컷
7,20078,레이디컷
7,20079,마담컷
7,20080,젠틀컷
7,20081,퀸컷
7,20082,가부키컷
7,20083,킹덤컷
7,20084,액티브모드
7,20085,호연캡
7,20086,신오캡
7,20087,하나캡
7,20088,칼로스캡
7,20089,알로라캡
7,20090,유성의 모습
7,20091,유성의 모습
7,20092,유성의 모습
7,20093,유성의 모습
7,20094,유성의 모습
7,20095,유성의 모습
7,20096,주황색 코어
7,20097,노란색 코어
7,20098,초록색 코어
7,20099,옥색 코어
7,20100,파란색 코어
7,20101,보라색 코어
7,20102,들킨 모습
7,20104,500년 전의 색
7,20105,너로정했다캡
7,20106,거다이맥스
7,20107,거다이맥스
7,20108,거다이맥스
7,20109,거다이맥스
7,20110,거다이맥스
7,20111,거다이맥스
7,20112,거다이맥스
7,20113,거다이맥스
7,20114,거다이맥스
7,20115,거다이맥스
7,20116,거다이맥스
7,20117,거다이맥스
7,20118,거다이맥스
7,20119,거다이맥스
7,20120,거다이맥스
7,20121,거다이맥스
7,20122,거다이맥스
7,20123,거다이맥스
7,20124,거다이맥스
7,20125,그대로 삼킨 모습
7,20126,통째로 삼킨 모습
7,20127,거다이맥스
7,20128,거다이맥스
7,20131,거다이맥스
7,20132,거다이맥스
7,20133,밀키바닐라
7,20134,밀키바닐라
7,20135,밀키바닐라
7,20136,밀키바닐라
7,20137,밀키바닐라
7,20138,밀키바닐라
7,20139,밀키루비
7,20140,밀키루비
7,20141,밀키루비
7,20142,밀키루비
7,20143,밀키루비
7,20144,밀키루비
7,20145,밀키루비
7,20146,밀키말차
7,20147,밀키말차
7,20148,밀키말차
7,20149,밀키말차
7,20150,밀키말차
7,20151,밀키말차
7,20152,밀키말차
7,20153,밀키민트
7,20154,밀키민트
7,20155,밀키민트
7,20156,밀키민트
7,20157,밀키민트
7,20158,밀키민트
7,20159,밀키민트
7,20160,밀키레몬
7,20161,밀키레몬
7,20162,밀키레몬
7,20163,밀키레몬
7,20164,밀키레몬
7,20165,밀키레몬
7,20166,밀키레몬
7,20167,밀키솔트
7,20168,밀키솔트
7,20169,밀키솔트
7,20170,밀키솔트
7,20171,밀키솔트
7,20172,밀키솔트
7,20173,밀키솔트
7,20174,루비믹스
7,20175,루비믹스
7,20176,루비믹스
7,20177,루비믹스
7,20178,루비믹스
7,20179,루비믹스
7,20180,루비믹스
7,20181,캐러멜믹스
7,20182,캐러멜믹스
7,20183,캐러멜믹스
7,20184,캐러멜믹스
7,20185,캐러멜믹스
7,20186,캐러멜믹스
7,20187,캐러멜믹스
7,20188,트리플믹스
7,20189,트리플믹스
7,20190,트리플믹스
7,20191,트리플믹스
7,20192,트리플믹스
7,20193,트리플믹스
7,20194,트리플믹스
7,20195,거다이맥스
7,20196,배고픈 모양
7,20197,거다이맥스
7,20198,거다이맥스
7,20199,거다이맥스
8,201,あるすがた
8,351,ポワルンのすがた
8,382,カイオーガのすがた
8,383,グラードンのすがた
8,386,ノーマルフォルム
8,412,くさきのミノ
8,413,くさきのミノ
8,421,ネガフォルム
8,422,にしのうみ
8,423,にしのうみ
8,479,ロトムのすがた
8,487,アナザーフォルム
8,492,ランドフォルム
8,493,アルセウスのすがた
8,550,あかすじのすがた
8,555,ノーマルモード
8,585,はるのすがた
8,586,はるのすがた
8,641,けしんフォルム
8,642,けしんフォルム
8,645,けしんフォルム
8,646,キュレムのすがた
8,647,いつものすがた
8,648,ボイスフォルム
8,649,ゲノセクトのすがた
8,666,ひょうせつのもよう
8,669,あかいはな
8,670,あかいはな
8,671,あかいはな
8,676,やせいのすがた
8,678,オスのすがた
8,681,シールドフォルム
8,710,ふつうのサイズ
8,711,ふつうのサイズ
8,716,リラックスモード
8,718,５０％フォルム
8,720,いましめられしフーパ
8,741,めらめらスタイル
8,745,まひるのすがた
8,746,たんどくのすがた
8,773,タイプ：ノーマル
8,774,りゅうせいのすがた
8,778,ばけたすがた
8,849,ハイなすがた
8,869,ミルキィバニラ
8,875,アイスフェイス
8,876,オスのすがた
8,877,まんぷくもよう
8,888,れきせんのゆうしゃ
8,889,れきせんのゆうしゃ
8,10001,たいようのすがた
8,10002,あまみずのすがた
8,10003,ゆきぐものすがた
8,10004,アタックフォルム
8,10005,ディフェンスフォルム
8,10006,スピードフォルム
8,10007,すなちのミノ
8,10008,ゴミのミノ
8,10009,アルセウスのすがた
8,10010,アルセウスのすがた
8,10011,アルセウスのすがた
8,10012,アルセウスのすがた
8,10013,アルセウスのすがた
8,10014,アルセウスのすがた
8,10015,アルセウスのすがた
8,10016,アルセウスのすがた
8,10017,アルセウスのすがた
8,10018,アルセウスのすがた
8,10019,アルセウスのすがた
8,10020,アルセウスのすがた
8,10021,アルセウスのすがた
8,10022,アルセウスのすがた
8,10023,アルセウスのすがた
8,10024,アルセウスのすがた
8,10026,ヒートロトム
8,10027,ウォッシュロトム
8,10028,フロストロトム
8,10029,スピンロトム
8,10030,カットロトム
8,10031,オリジンフォルム
8,10032,スカイフォルム
8,10034,あおすじのすがた
8,10035,ダルマモード
8,10036,ステップフォルム
8,10037,れいじゅうフォルム
8,10038,れいじゅうフォルム
8,10039,れいじゅうフォルム
8,10040,ホワイトキュレム
8,10041,ブラックキュレム
8,10042,メガフシギバナ
8,10043,メガリザードンＸ
8,10044,メガリザードンＹ
8,10045,メガカメックス
8,10046,メガフーディン
8,10047,メガゲンガー
8,10048,メガガルーラ
8,10049,メガカイロス
8,10050,メガギャラドス
8,10051,メガプテラ
8,10052,メガミュウツーＸ
8,10053,メガミュウツーＹ
8,10054,メガデンリュウ
8,10055,メガハッサム
8,10056,メガヘラクロス
8,10057,メガヘルガー
8,10058,メガバンギラス
8,10059,メガバシャーモ
8,10060,メガサーナイト
8,10061,メガクチート
8,10062,メガボスゴドラ
8,10063,メガチャーレム
8,10064,メガライボルト
8,10065,メガジュペッタ
8,10066,メガアブソル
8,10067,メガラティアス
8,10068,メガラティオス
8,10069,メガガブリアス
8,10070,メガルカリオ
8,10071,メガユキノオー
8,10072,アルセウスのすがた
8,10073,えいえんのはな
8,10074,メスのすがた
8,10075,ブレードフォルム
8,10076,ちいさいサイズ
8,10077,おおきいサイズ
8,10078,とくだいサイズ
8,10079,ちいさいサイズ
8,10080,おおきいサイズ
8,10081,とくだいサイズ
8,10082,メガスピアー
8,10083,メガピジョット
8,10084,ハードロック・ピカチュウ
8,10085,マダム・ピカチュウ
8,10086,アイドル・ピカチュウ
8,10087,ドクター・ピカチュウ
8,10088,マスク・ド・ピカチュウ
8,10089,おきがえピカチュウ
8,10090,メガヤドラン
8,10091,メガハガネール
8,10092,メガジュカイン
8,10093,メガラグラージ
8,10094,メガヤミラミ
8,10095,メガサメハダー
8,10096,メガバクーダ
8,10097,メガチルタリス
8,10098,メガオニゴーリ
8,10099,メガボーマンダ
8,10100,メガメタグロス
8,10101,ゲンシカイキのすがた
8,10102,ゲンシカイキのすがた
8,10103,メガレックウザ
8,10104,メガミミロップ
8,10105,メガエルレイド
8,10106,メガタブンネ
8,10107,メガディアンシー
8,10108,ときはなたれしフーパ
8,10109,アローラのすがた
8,10110,アローラのすがた
8,10112,オリジナルキャップ
8,10113,アローラのすがた
8,10114,アローラのすがた
8,10115,アローラのすがた
8,10116,アローラのすがた
8,10117,アローラのすがた
8,10118,アローラのすがた
8,10119,アローラのすがた
8,10120,アローラのすがた
8,10121,アローラのすがた
8,10122,アローラのすがた
8,10123,アローラのすがた
8,10124,アローラのすがた
8,10125,アローラのすがた
8,10126,アローラのすがた
8,10127,アローラのすがた
8,10128,アローラのすがた
8,10130,サトシゲッコウガ
8,10131,１０％フォルム
8,10132,１０％フォルム
8,10133,５０％フォルム
8,10134,パーフェクトフォルム
8,10137,ぱちぱちスタイル
8,10138,ふらふらスタイル
8,10139,まいまいスタイル
8,10140,まよなかのすがた
8,10141,むれたすがた
8,10144,タイプ：ファイト
8,10145,タイプ：フライング
8,10146,タイプ：ポイズン
8,10147,タイプ：グラウンド
8,10148,タイプ：ロック
8,10149,タイプ：バグ
8,10150,タイプ：ゴースト
8,10151,タイプ：スチール
8,10152,タイプ：ファイヤー
8,10153,タイプ：ウオーター
8,10154,タイプ：グラス
8,10155,タイプ：エレクトロ
8,10156,タイプ：サイキック
8,10157,タイプ：アイス
8,10158,タイプ：ドラゴン
8,10159,タイプ：ダーク
8,10160,タイプ：フェアリー
8,10161,あかいろのコア
8,10167,たそがれのすがた
8,10170,たそがれのたてがみ
8,10171,あかつきのつばさ
8,10172,ウルトラネクロズマ
8,10175,ガラルのすがた
8,10176,ガラルのすがた
8,10177,ガラルのすがた
8,10178,ガラルのすがた
8,10179,ガラルのすがた
8,10180,ガラルのすがた
8,10181,ガラルのすがた
8,10182,ガラルのすがた
8,10183,ガラルのすがた
8,10184,ガラルのすがた
8,10185,ガラルのすがた
8,10186,ダルマモード
8,10187,ガラルのすがた
8,10188,ガラルのすがた
8,10189,ローなすがた
8,10190,ナイスフェイス
8,10191,メスのすがた
8,10192,けんのおう
8,10193,たてのおう
8,10194,ムゲンダイマックス
8,10195,ガラルのすがた
8,20001,あるすがた
8,20002,あるすがた
8,20003,あるすがた
8,20004,あるすがた
8,20005,あるすがた
8,20006,あるすがた
8,20007,あるすがた
8,20008,あるすがた
8,20009,あるすがた
8,20010,あるすがた
8,20011,あるすがた
8,20012,あるすがた
8,20013,あるすがた
8,20014,あるすがた
8,20015,あるすがた
8,20016,あるすがた
8,20017,あるすがた
8,20018,あるすがた
8,20019,あるすがた
8,20020,あるすがた
8,20021,あるすがた
8,20022,あるすがた
8,20023,あるすがた
8,20024,あるすがた
8,20025,あるすがた
8,20026,あるすがた
8,20027,あるすがた
8,20028,すなちのミノ
8,20029,ゴミのミノ
8,20030,ポジフォルム
8,20031,ひがしのうみ
8,20032,ひがしのうみ
8,20033,なつのすがた
8,20034,あきのすがた
8,20035,ふゆのすがた
8,20036,なつのすがた
8,20037,あきのすがた
8,20038,ふゆのすがた
8,20039,ゲノセクトのすがた
8,20040,ゲノセクトのすがた
8,20041,ゲノセクトのすがた
8,20042,ゲノセクトのすがた
8,20043,かくごのすがた
8,20044,ゆきぐにのもよう
8,20045,せつげんのもよう
8,20046,たいりくのもよう
8,20047,ていえんのもよう
8,20048,みやびなもよう
8,20049,はなぞののもよう
8,20050,モダンなもよう
8,20051,マリンのもよう
8,20052,ぐんとうのもよう
8,20053,こうやのもよう
8,20054,さじんのもよう
8,20055,たいがのもよう
8,20056,スコールのもよう
8,20057,サバンナのもよう
8,20058,たいようのもよう
8,20059,オーシャンのもよう
8,20060,ジャングルのもよう
8,20061,ファンシーなもよう
8,20062,ボールのもよう
8,20063,きいろのはな
8,20064,オレンジいろのはな
8,20065,あおいはな
8,20066,しろいはな
8,20067,きいろのはな
8,20068,オレンジいろのはな
8,20069,あおいはな
8,20070,しろいはな
8,20071,きいろのはな
8,20072,オレンジいろのはな
8,20073,あおいはな
8,20074,しろいはな
8,20075,ハートカット
8,20076,スターカット
8,20077,ダイヤカット
8,20078,レディカット
8,20079,マダムカット
8,20080,ジェントルカット
8,20081,クイーンカット
8,20082,カブキカット
8,20083,キングダムカット
8,20084,アクティブモード
8,20085,ホウエンキャップ
8,20086,シンオウキャップ
8,20087,イッシュキャップ
8,20088,カロスキャップ
8,20089,アローラキャップ
8,20090,りゅうせいのすがた
8,20091,りゅうせいのすがた
8,20092,りゅうせいのすがた
8,20093,りゅうせいのすがた
8,20094,りゅうせいのすがた
8,20095,りゅうせいのすがた
8,20096,だいだいいろのコア
8,20097,きいろのコア
8,20098,みどりいろのコア
8,20099,みずいろのコア
8,20100,あおいろのコア
8,20101,むらさきいろのコア
8,20102,ばれたすがた
8,20104,５００ねんまえのいろ
8,20105,キミにきめたキャップ
8,20106,キョダイマックス
8,20107,キョダイマックス
8,20108,キョダイマックス
8,20109,キョダイマックス
8,20110,キョダイマックス
8,20111,キョダイマックス
8,20112,キョダイマックス
8,20113,キョダイマックス
8,20114,キョダイマックス
8,20115,キョダイマックス
8,20116,キョダイマックス
8,20117,キョダイマックス
8,20118,キョダイマックス
8,20119,キョダイマックス
8,20120,キョダイマックス
8,20121,キョダイマックス
8,20122,キョダイマックス
8,20123,キョダイマックス
8,20124,キョダイマックス
8,20125,うのみのすがた
8,20126,まるのみのすがた
8,20127,キョダイマックス
8,20128,キョダイマックス
8,20131,キョダイマックス
8,20132,キョダイマックス
8,20133,ミルキィバニラ
8,20134,ミルキィバニラ
8,20135,ミルキィバニラ
8,20136,ミルキィバニラ
8,20137,ミルキィバニラ
8,20138,ミルキィバニラ
8,20139,ミルキィルビー
8,20140,ミルキィルビー
8,20141,ミルキィルビー
8,20142,ミルキィルビー
8,20143,ミルキィルビー
8,20144,ミルキィルビー
8,20145,ミルキィルビー
8,20146,ミルキィまっちゃ
8,20147,ミルキィまっちゃ
8,20148,ミルキィまっちゃ
8,20149,ミルキィまっちゃ
8,20150,ミルキィまっちゃ
8,20151,ミルキィまっちゃ
8,20152,ミルキィまっちゃ
8,20153,ミルキィミント
8,20154,ミルキィミント
8,20155,ミルキィミント
8,20156,ミルキィミント
8,20157,ミルキィミント
8,20158,ミルキィミント
8,20159,ミルキィミント
8,20160,ミルキィレモン
8,20161,ミルキィレモン
8,20162,ミルキィレモン
8,20163,ミルキィレモン
8,20164,ミルキィレモン
8,20165,ミルキィレモン
8,20166,ミルキィレモン
8,20167,ミルキィソルト
8,20168,ミルキィソルト
8,20169,ミルキィソルト
8,20170,ミルキィソルト
8,20171,ミルキィソルト
8,20172,ミルキィソルト
8,20173,ミルキィソルト
8,20174,ルビーミックス
8,20175,ルビーミックス
8,20176,ルビーミックス
8,20177,ルビーミックス
8,20178,ルビーミックス
8,20179,ルビーミックス
8,20180,ルビーミックス
8,20181,キャラメルミックス
8,20182,キャラメルミックス
8,20183,キャラメルミックス
8,20184,キャラメルミックス
8,20185,キャラメルミックス
8,20186,キャラメルミックス
8,20187,キャラメルミックス
8,20188,トリプルミックス
8,20189,トリプルミックス
8,20190,トリプルミックス
8,20191,トリプルミックス
8,20192,トリプルミックス
8,20193,トリプルミックス
8,20194,トリプルミックス
8,20195,キョダイマックス
8,20196,はらぺこもよう
8,20197,キョダイマックス
8,20198,キョダイマックス
8,20199,キョダイマックス
9,201,某种样子
9,351,飘浮泡泡的样子
9,382,盖欧卡的样子
9,383,固拉多的样子
9,386,普通形态
9,412,草木蓑衣
9,413,草木蓑衣
9,421,阴天形态
9,422,西海
9,423,西海
9,479,洛托姆的样子
9,487,别种形态
9,492,陆上形态
9,493,阿尔宙斯的样子
9,550,红条纹的样子
9,555,普通模式
9,585,春天的样子
9,586,春天的样子
9,641,化身形态
9,642,化身形态
9,645,化身形态
9,646,酋雷姆的样子
9,647,平常的样子
9,648,歌声形态
9,649,盖诺赛克特的样子
9,666,冰雪花纹
9,669,红花
9,670,红花
9,671,红花
9,676,野生的样子
9,678,雄性的样子
9,681,盾牌形态
9,710,普通尺寸
9,711,普通尺寸
9,716,放松模式
9,718,５０％形态
9,720,惩戒胡帕
9,741,热辣热辣风格
9,745,白昼的样子
9,746,单独的样子
9,773,属性：一般
9,774,流星的样子
9,778,化形的样子
9,849,高调的样子
9,869,奶香香草
9,875,结冻头
9,876,雄性的样子
9,877,满腹花纹
9,888,百战勇者
9,889,百战勇者
9,10001,太阳的样子
9,10002,雨水的样子
9,10003,雪云的样子
9,10004,攻击形态
9,10005,防御形态
9,10006,速度形态
9,10007,砂土蓑衣
9,10008,垃圾蓑衣
9,10009,阿尔宙斯的样子
9,10010,阿尔宙斯的样子
9,10011,阿尔宙斯的样子
9,10012,阿尔宙斯的样子
9,10013,阿尔宙斯的样子
9,10014,阿尔宙斯的样子
9,10015,阿尔宙斯的样子
9,10016,阿尔宙斯的样子
9,10017,阿尔宙斯的样子
9,10018,阿尔宙斯的样子
9,10019,阿尔宙斯的样子
9,10020,阿尔宙斯的样子
9,10021,阿尔宙斯的样子
9,10022,阿尔宙斯的样子
9,10023,阿尔宙斯的样子
9,10024,阿尔宙斯的样子
9,10026,加热洛托姆
9,10027,清洗洛托姆
9,10028,结冰洛托姆
9,10029,旋转洛托姆
9,10030,切割洛托姆
9,10031,起源形态
9,10032,天空形态
9,10034,蓝条纹的样子
9,10035,达摩模式
9,10036,舞步形态
9,10037,灵兽形态
9,10038,灵兽形态
9,10039,灵兽形态
9,10040,焰白酋雷姆
9,10041,暗黑酋雷姆
9,10042,超级妙蛙花
9,10043,超级喷火龙Ｘ
9,10044,超级喷火龙Ｙ
9,10045,超级水箭龟
9,10046,超级胡地
9,10047,超级耿鬼
9,10048,超级袋兽
9,10049,超级凯罗斯
9,10050,超级暴鲤龙
9,10051,超级化石翼龙
9,10052,超级超梦Ｘ
9,10053,超级超梦Ｙ
9,10054,超级电龙
9,10055,超级巨钳螳螂
9,10056,超级赫拉克罗斯
9,10057,超级黑鲁加
9,10058,超级班基拉斯
9,10059,超级火焰鸡
9,10060,超级沙奈朵
9,10061,超级大嘴娃
9,10062,超级波士可多拉
9,10063,超级恰雷姆
9,10064,超级雷电兽
9,10065,超级诅咒娃娃
9,10066,超级阿勃梭鲁
9,10067,超级拉帝亚斯
9,10068,超级拉帝欧斯
9,10069,超级烈咬陆鲨
9,10070,超级路卡利欧
9,10071,超级暴雪王
9,10072,阿尔宙斯的样子
9,10073,永恒之花
9,10074,雌性的样子
9,10075,刀剑形态
9,10076,小尺寸
9,10077,大尺寸
9,10078,特大尺寸
9,10079,小尺寸
9,10080,大尺寸
9,10081,特大尺寸
9,10082,超级大针蜂
9,10083,超级大比鸟
9,10090,超级呆壳兽
9,10091,超级大钢蛇
9,10092,超级蜥蜴王
9,10093,超级巨沼怪
9,10094,超级勾魂眼
9,10095,超级巨牙鲨
9,10096,超级喷火驼
9,10097,超级七夕青鸟
9,10098,超级冰鬼护
9,10099,超级暴飞龙
9,10100,超级巨金怪
9,10101,原始回归的样子
9,10102,原始回归的样子
9,10103,超级烈空坐
9,10104,超级长耳兔
9,10105,超级艾路雷朵
9,10106,超级差不多娃娃
9,10107,超级蒂安希
9,10108,解放胡帕
9,10109,阿罗拉的样子
9,10110,阿罗拉的样子
9,10112,初始帽子
9,10113,阿罗拉的样子
9,10114,阿罗拉的样子
9,10115,阿罗拉的样子
9,10116,阿罗拉的样子
9,10117,阿罗拉的样子
9,10118,阿罗拉的样子
9,10119,阿罗拉的样子
9,10120,阿罗拉的样子
9,10121,阿罗拉的样子
9,10122,阿罗拉的样子
9,10123,阿罗拉的样子
9,10124,阿罗拉的样子
9,10125,阿罗拉的样子
9,10126,阿罗拉的样子
9,10127,阿罗拉的样子
9,10128,阿罗拉的样子
9,10130,小智版甲贺忍蛙
9,10131,１０％形态
9,10132,１０％形态
9,10133,５０％形态
9,10134,完全体形态
9,10137,啪滋啪滋风格
9,10138,呼拉呼拉风格
9,10139,轻盈轻盈风格
9,10140,黑夜的样子
9,10141,鱼群的样子
9,10144,属性：战斗
9,10145,属性：飞翔
9,10146,属性：毒
9,10147,属性：大地
9,10148,属性：岩石
9,10149,属性：虫子
9,10150,属性：幽灵
9,10151,属性：钢铁
9,10152,属性：火焰
9,10153,属性：清水
9,10154,属性：青草
9,10155,属性：电子
9,10156,属性：精神
9,10157,属性：冰雪
9,10158,属性：龙
9,10159,属性：黑暗
9,10160,属性：妖精
9,10161,红色核心
9,10167,黄昏的样子
9,10170,黄昏之鬃
9,10171,拂晓之翼
9,10172,究极奈克洛兹玛
9,10175,伽勒尔的样子
9,10176,伽勒尔的样子
9,10177,伽勒尔的样子
9,10178,伽勒尔的样子
9,10179,伽勒尔的样子
9,10180,伽勒尔的样子
9,10181,伽勒尔的样子
9,10182,伽勒尔的样子
9,10183,伽勒尔的样子
9,10184,伽勒尔的样子
9,10185,伽勒尔的样子
9,10186,达摩模式
9,10187,伽勒尔的样子
9,10188,伽勒尔的样子
9,10189,低调的样子
9,10190,解冻头
9,10191,雌性的样子
9,10192,剑之王
9,10193,盾之王
9,10194,无极巨化
9,10195,伽勒尔的样子
9,20001,某种样子
9,20002,某种样子
9,20003,某种样子
9,20004,某种样子
9,20005,某种样子
9,20006,某种样子
9,20007,某种样子
9,20008,某种样子
9,20009,某种样子
9,20010,某种样子
9,20011,某种样子
9,20012,某种样子
9,20013,某种样子
9,20014,某种样子
9,20015,某种样子
9,20016,某种样子
9,20017,某种样子
9,20018,某种样子
9,20019,某种样子
9,20020,某种样子
9,20021,某种样子
9,20022,某种样子
9,20023,某种样子
9,20024,某种样子
9,20025,某种样子
9,20026,某种样子
9,20027,某种样子
9,20028,砂土蓑衣
9,20029,垃圾蓑衣
9,20030,晴天形态
9,20031,东海
9,20032,东海
9,20033,夏天的样子
9,20034,秋天的样子
9,20035,冬天的样子
9,20036,夏天的样子
9,20037,秋天的样子
9,20038,冬天的样子
9,20039,盖诺赛克特的样子
9,20040,盖诺赛克特的样子
9,20041,盖诺赛克特的样子
9,20042,盖诺赛克特的样子
9,20043,觉悟的样子
9,20044,雪国花纹
9,20045,雪原花纹
9,20046,大陆花纹
9,20047,庭园花纹
9,20048,高雅花纹
9,20049,花园花纹
9,20050,摩登花纹
9,20051,大海花纹
9,20052,群岛花纹
9,20053,荒野花纹
9,20054,沙尘花纹
9,20055,大河花纹
9,20056,骤雨花纹
9,20057,热带草原花纹
9,20058,太阳花纹
9,20059,大洋花纹
9,20060,热带雨林花纹
9,20061,幻彩花纹
9,20062,球球花纹
9,20063,黄花
9,20064,橙花
9,20065,蓝花
9,20066,白花
9,20067,黄花
9,20068,橙花
9,20069,蓝花
9,20070,白花
9,20071,黄花
9,20072,橙花
9,20073,蓝花
9,20074,白花
9,20075,心形造型
9,20076,星形造型
9,20077,菱形造型
9,20078,淑女造型
9,20079,贵妇造型
9,20080,绅士造型
9,20081,女王造型
9,20082,歌舞伎造型
9,20083,国王造型
9,20084,活跃模式
9,20085,丰缘帽子
9,20086,神奥帽子
9,20087,合众帽子
9,20088,卡洛斯帽子
9,20089,阿罗拉帽子
9,20090,流星的样子
9,20091,流星的样子
9,20092,流星的样子
9,20093,流星的样子
9,20094,流星的样子
9,20095,流星的样子
9,20096,橙色核心
9,20097,黄色核心
9,20098,绿色核心
9,20099,浅蓝色核心
9,20100,蓝色核心
9,20101,紫色核心
9,20102,现形的样子
9,20104,５００年前的颜色
9,20105,就决定是你了之帽子
9,20106,超极巨化
9,20107,超极巨化
9,20108,超极巨化
9,20109,超极巨化
9,20110,超极巨化
9,20111,超极巨化
9,20112,超极巨化
9,20113,超极巨化
9,20114,超极巨化
9,20115,超极巨化
9,20116,超极巨化
9,20117,超极巨化
9,20118,超极巨化
9,20119,超极巨化
9,20120,超极巨化
9,20121,超极巨化
9,20122,超极巨化
9,20123,超极巨化
9,20124,超极巨化
9,20125,一口吞的样子
9,20126,大口吞的样子
9,20127,超极巨化
9,20128,超极巨化
9,20131,超极巨化
9,20132,超极巨化
9,20133,奶香香草
9,20134,奶香香草
9,20135,奶香香草
9,20136,奶香香草
9,20137,奶香香草
9,20138,奶香香草
9,20139,奶香红钻
9,20140,奶香红钻
9,20141,奶香红钻
9,20142,奶香红钻
9,20143,奶香红钻
9,20144,奶香红钻
9,20145,奶香红钻
9,20146,奶香抹茶
9,20147,奶香抹茶
9,20148,奶香抹茶
9,20149,奶香抹茶
9,20150,奶香抹茶
9,20151,奶香抹茶
9,20152,奶香抹茶
9,20153,奶香薄荷
9,20154,奶香薄荷
9,20155,奶香薄荷
9,20156,奶香薄荷
9,20157,奶香薄荷
9,20158,奶香薄荷
9,20159,奶香薄荷
9,20160,奶香柠檬
9,20161,奶香柠檬
9,20162,奶香柠檬
9,20163,奶香柠檬
9,20164,奶香柠檬
9,20165,奶香柠檬
9,20166,奶香柠檬
9,20167,奶香雪盐
9,20168,奶香雪盐
9,20169,奶香雪盐
9,20170,奶香雪盐
9,20171,奶香雪盐
9,20172,奶香雪盐
9,20173,奶香雪盐
9,20174,红钻综合
9,20175,红钻综合
9,20176,红钻综合
9,20177,红钻综合
9,20178,红钻综合
9,20179,红钻综合
9,20180,红钻综合
9,20181,焦糖综合
9,20182,焦糖综合
9,20183,焦糖综合
9,20184,焦糖综合
9,20185,焦糖综合
9,20186,焦糖综合
9,20187,焦糖综合
9,20188,三色综合
9,20189,三色综合
9,20190,三色综合
9,20191,三色综合
9,20192,三色综合
9,20193,三色综合
9,20194,三色综合
9,20195,超极巨化
9,20196,空腹花纹
9,20197,超极巨化
9,20198,超极巨化
9,20199,超极巨化
10,201,某種樣子
10,351,飄浮泡泡的樣子
10,382,蓋歐卡的樣子
10,383,固拉多的樣子
10,386,普通形態
10,412,草木蓑衣
10,413,草木蓑衣
10,421,陰天形態
10,422,西海
10,423,西海
10,479,洛托姆的樣子
10,487,別種形態
10,492,陸上形態
10,493,阿爾宙斯的樣子
10,550,紅條紋的樣子
10,555,普通模式
10,585,春天的樣子
10,586,春天的樣子
10,641,化身形態
10,642,化身形態
10,645,化身形態
10,646,酋雷姆的樣子
10,647,平常的樣子
10,648,歌聲形態
10,649,蓋諾賽克特的樣子
10,666,冰雪花紋
10,669,紅花
10,670,紅花
10,671,紅花
10,676,野生的樣子
10,678,雄性的樣子
10,681,盾牌形態
10,710,普通尺寸
10,711,普通尺寸
10,716,放鬆模式
10,718,５０％形態
10,720,懲戒胡帕
10,741,熱辣熱辣風格
10,745,白晝的樣子
10,746,單獨的樣子
10,773,屬性：一般
10,774,流星的樣子
10,778,化形的樣子
10,849,高調的樣子
10,869,奶香香草
10,875,結凍頭
10,876,雄性的樣子
10,877,滿腹花紋
10,888,百戰勇者
10,889,百戰勇者
10,10001,太陽的樣子
10,10002,雨水的樣子
10,10003,雪雲的樣子
10,10004,攻擊形態
10,10005,防禦形態
10,10006,速度形態
10,10007,砂土蓑衣
10,10008,垃圾蓑衣
10,10009,阿爾宙斯的樣子
10,10010,阿爾宙斯的樣子
10,10011,阿爾宙斯的樣子
10,10012,阿爾宙斯的樣子
10,10013,阿爾宙斯的樣子
10,10014,阿爾宙斯的樣子
10,10015,阿爾宙斯的樣子
10,10016,阿爾宙斯的樣子
10,10017,阿爾宙斯的樣子
10,10018,阿爾宙斯的樣子
10,10019,阿爾宙斯的樣子
10,10020,阿爾宙斯的樣子
10,10021,阿爾宙斯的樣子
10,10022,阿爾宙斯的樣子
10,10023,阿爾宙斯的樣子
10,10024,阿爾宙斯的樣子
10,10026,加熱洛托姆
10,10027,清洗洛托姆
10,10028,結冰洛托姆
10,10029,旋轉洛托姆
10,10030,切割洛托姆
10,10031,起源形態
10,10032,天空形態
10,10034,藍條紋的樣子
10,10035,達摩模式
10,10036,舞步形態
10,10037,靈獸形態
10,10038,靈獸形態
10,10039,靈獸形態
10,10040,焰白酋雷姆
10,10041,闇黑酋雷姆
10,10042,超級妙蛙花
10,10043,超級噴火龍Ｘ
10,10044,超級噴火龍Ｙ
10,10045,超級水箭龜
10,10046,超級胡地
10,10047,超級耿鬼
10,10048,超級袋獸
10,10049,超級凱羅斯
10,10050,超級暴鯉龍
10,10051,超級化石翼龍
10,10052,超級超夢Ｘ
10,10053,超級超夢Ｙ
10,10054,超級電龍
10,10055,超級巨鉗螳螂
10,10056,超級赫拉克羅斯
10,10057,超級黑魯加
10,10058,超級班基拉斯
10,10059,超級火焰雞
10,10060,超級沙奈朵
10,10061,超級大嘴娃
10,10062,超級波士可多拉
10,10063,超級恰雷姆
10,10064,超級雷電獸
10,10065,超級詛咒娃娃
10,10066,超級阿勃梭魯
10,10067,超級拉帝亞斯
10,10068,超級拉帝歐斯
10,10069,超級烈咬陸鯊
10,10070,超級路卡利歐
10,10071,超級暴雪王
10,10072,阿爾宙斯的樣子
10,10073,永恆之花
10,10074,雌性的樣子
10,10075,刀劍形態
10,10076,小尺寸
10,10077,大尺寸
10,10078,特大尺寸
10,10079,小尺寸
10,10080,大尺寸
10,10081,特大尺寸
10,10082,超級大針蜂
10,10083,超級大比鳥
10,10090,超級呆殼獸
10,10091,超級大鋼蛇
10,10092,超級蜥蜴王
10,10093,超級巨沼怪
10,10094,超級勾魂眼
10,10095,超級巨牙鯊
10,10096,超級噴火駝
10,10097,超級七夕青鳥
10,10098,超級冰鬼護
10,10099,超級暴飛龍
10,10100,超級巨金怪
10,10101,原始回歸的樣子
10,10102,原始回歸的樣子
10,10103,超級烈空坐
10,10104,超級長耳兔
10,10105,超級艾路雷朵
10,10106,超級差不多娃娃
10,10107,超級蒂安希
10,10108,解放胡帕
10,10109,阿羅拉的樣子
10,10110,阿羅拉的樣子
10,10112,初始帽子
10,10113,阿羅拉的樣子
10,10114,阿羅拉的樣子
10,10115,阿羅拉的樣子
10,10116,阿羅拉的樣子
10,10117,阿羅拉的樣子
10,10118,阿羅拉的樣子
10,10119,阿羅拉的樣子
10,10120,阿羅拉的樣子
10,10121,阿羅拉的樣子
10,10122,阿羅拉的樣子
10,10123,阿羅拉的樣子
10,10124,阿羅拉的樣子
10,10125,阿羅拉的樣子
10,10126,阿羅拉的樣子
10,10127,阿羅拉的樣子
10,10128,阿羅拉的樣子
10,10130,小智版甲賀忍蛙
10,10131,１０％形態
10,10132,１０％形態
10,10133,５０％形態
10,10134,完全體形態
10,10137,啪滋啪滋風格
10,10138,呼拉呼拉風格
10,10139,輕盈輕盈風格
10,10140,黑夜的樣子
10,10141,魚群的樣子
10,10144,屬性：戰鬥
10,10145,屬性：飛翔
10,10146,屬性：毒
10,10147,屬性：大地
10,10148,屬性：岩石
10,10149,屬性：蟲子
10,10150,屬性：幽靈
10,10151,屬性：鋼鐵
10,10152,屬性：火焰
10,10153,屬性：清水
10,10154,屬性：青草
10,10155,屬性：電子
10,10156,屬性：精神
10,10157,屬性：冰雪
10,10158,屬性：龍
10,10159,屬性：黑暗
10,10160,屬性：妖精
10,10161,紅色核心
10,10167,黃昏的樣子
10,10170,黃昏之鬃
10,10171,拂曉之翼
10,10172,究極奈克洛茲瑪
10,10175,伽勒爾的樣子
10,10176,伽勒爾的樣子
10,10177,伽勒爾的樣子
10,10178,伽勒爾的樣子
10,10179,伽勒爾的樣子
10,10180,伽勒爾的樣子
10,10181,伽勒爾的樣子
10,10182,伽勒爾的樣子
10,10183,伽勒爾的樣子
10,10184,伽勒爾的樣子
10,10185,伽勒爾的樣子
10,10186,達摩模式
10,10187,伽勒爾的樣子
10,10188,伽勒爾的樣子
10,10189,低調的樣子
10,10190,解凍頭
10,10191,雌性的樣子
10,10192,劍之王
10,10193,盾之王
10,10194,無極巨化
10,10195,伽勒爾的樣子
10,20001,某種樣子
10,20002,某種樣子
10,20003,某種樣子
10,20004,某種樣子
10,20005,某種樣子
10,20006,某種樣子
10,20007,某種樣子
10,20008,某種樣子
10,20009,某種樣子
10,20010,某種樣子
10,20011,某種樣子
10,20012,某種樣子
10,20013,某種樣子
10,20014,某種樣子
10,20015,某種樣子
10,20016,某種樣子
10,20017,某種樣子
10,20018,某種樣子
10,20019,某種樣子
10,20020,某種樣子
10,20021,某種樣子
10,20022,某種樣子
10,20023,某種樣子
10,20024,某種樣子
10,20025,某種樣子
10,20026,某種樣子
10,20027,某種樣子
10,20028,砂土蓑衣
10,20029,垃圾蓑衣
10,20030,晴天形態
10,20031,東海
10,20032,東海
10,20033,夏天的樣子
10,20034,秋天的樣子
10,20035,冬天的樣子
10,20036,夏天的樣子
10,20037,秋天的樣子
10,20038,冬天的樣子
10,20039,蓋諾賽克特的樣子
10,20040,蓋諾賽克特的樣子
10,20041,蓋諾賽克特的樣子
10,20042,蓋諾賽克特的樣子
10,20043,覺悟的樣子
10,20044,雪國花紋
10,20045,雪原花紋
10,20046,大陸花紋
10,20047,庭園花紋
10,20048,高雅花紋
10,20049,花園花紋
10,20050,摩登花紋
10,20051,大海花紋
10,20052,群島花紋
10,20053,荒野花紋
10,20054,沙塵花紋
10,20055,大河花紋
10,20056,驟雨花紋
10,20057,熱帶草原花紋
10,20058,太陽花紋
10,20059,大洋花紋
10,20060,熱帶雨林花紋
10,20061,幻彩花紋
10,20062,球球花紋
10,20063,黃花
10,20064,橙花
10,20065,藍花
10,20066,白花
10,20067,黃花
10,20068,橙花
10,20069,藍花
10,20070,白花
10,20071,黃花
10,20072,橙花
10,20073,藍花
10,20074,白花
10,20075,心形造型
10,20076,星形造型
10,20077,菱形造型
10,20078,淑女造型
10,20079,貴婦造型
10,20080,紳士造型
10,20081,女王造型
10,20082,歌舞伎造型
10,20083,國王造型
10,20084,活躍模式
10,20085,豐緣帽子
10,20086,神奧帽子
10,20087,合眾帽子
10,20088,卡洛斯帽子
10,20089,阿羅拉帽子
10,20090,流星的樣子
10,20091,流星的樣子
10,20092,流星的樣子
10,20093,流星的樣子
10,20094,流星的樣子
10,20095,流星的樣子
10,20096,橙色核心
10,20097,黃色核心
10,20098,綠色核心
10,20099,淺藍色核心
10,20100,藍色核心
10,20101,紫色核心
10,20102,現形的樣子
10,20104,５００年前的顏色
10,20105,就決定是你了之帽子
10,20106,超極巨化
10,20107,超極巨化
10,20108,超極巨化
10,20109,超極巨化
10,20110,超極巨化
10,20111,超極巨化
10,20112,超極巨化
10,20113,超極巨化
10,20114,超極巨化
10,20115,超極巨化
10,20116,超極巨化
10,20117,超極巨化
10,20118,超極巨化
10,20119,超極巨化
10,20120,超極巨化
10,20121,超極巨化
10,20122,超極巨化
10,20123,超極巨化
10,20124,超極巨化
10,20125,一口吞的樣子
10,20126,大口吞的樣子
10,20127,超極巨化
10,20128,超極巨化
10,20131,超極巨化
10,20132,超極巨化
10,20133,奶香香草
10,20134,奶香香草
10,20135,奶香香草
10,20136,奶香香草
10,20137,奶香香草
10,20138,奶香香草
10,20139,奶香紅鑽
10,20140,奶香紅鑽
10,20141,奶香紅鑽
10,20142,奶香紅鑽
10,20143,奶香紅鑽
10,20144,奶香紅鑽
10,20145,奶香紅鑽
10,20146,奶香抹茶
10,20147,奶香抹茶
10,20148,奶香抹茶
10,20149,奶香抹茶
10,20150,奶香抹茶
10,20151,奶香抹茶
10,20152,奶香抹茶
10,20153,奶香薄荷
10,20154,奶香薄荷
10,20155,奶香薄荷
10,20156,奶香薄荷
10,20157,奶香薄荷
10,20158,奶香薄荷
10,20159,奶香薄荷
10,20160,奶香檸檬
10,20161,奶香檸檬
10,20162,奶香檸檬
10,20163,奶香檸檬
10,20164,奶香檸檬
10,20165,奶香檸檬
10,20166,奶香檸檬
10,20167,奶香雪鹽
10,20168,奶香雪鹽
10,20169,奶香雪鹽
10,20170,奶香雪鹽
10,20171,奶香雪鹽
10,20172,奶香雪鹽
10,20173,奶香雪鹽
10,20174,紅鑽綜合
10,20175,紅鑽綜合
10,20176,紅鑽綜合
10,20177,紅鑽綜合
10,20178,紅鑽綜合
10,20179,紅鑽綜合
10,20180,紅鑽綜合
10,20181,焦糖綜合
10,20182,焦糖綜合
10,20183,焦糖綜合
10,20184,焦糖綜合
10,20185,焦糖綜合
10,20186,焦糖綜合
10,20187,焦糖綜合
10,20188,三色綜合
10,20189,三色綜合
10,20190,三色綜合
10,20191,三色綜合
10,20192,三色綜合
10,20193,三色綜合
10,20194,三色綜合
10,20195,超極巨化
10,20196,空腹花紋
10,20197,超極巨化
10,20198,超極巨化
10,20199,超極巨化
